transaction_id,sender_id,receiver_id,amount,timestamp,channel,branch,transaction_type,location,device_id
TXN00746,ACC051,ACC040,2277.64,2025-12-30 02:33:45,NEFT,Hyderabad,RTGS,Bangalore,DEV5724
TXN00741,ACC049,ACC072,121599.05,2025-12-30 08:37:32,RTGS,Pune,RTGS,Chennai,DEV7812
TXN00033,ACC050,ACC051,9320.43,2025-12-30 15:38:24,UPI,Delhi,IMPS,Mumbai,DEV1514
TXN00538,ACC003,ACC063,17063.8,2025-12-30 15:43:02,mobile,Hyderabad,UPI,Chennai,DEV8798
TXN00645,ACC073,ACC051,11133.51,2025-12-30 17:13:57,NEFT,Chennai,RTGS,Bangalore,DEV5764
TXN00034,ACC050,ACC052,9617.53,2025-12-30 18:38:24,UPI,Delhi,NEFT,Hyderabad,DEV4899
TXN00035,ACC050,ACC053,8862.02,2025-12-30 21:38:24,UPI,Delhi,RTGS,Delhi,DEV9834
TXN00426,ACC053,ACC034,31987.79,2025-12-30 23:28:51,UPI,Pune,UPI,Chennai,DEV9767
TXN00036,ACC050,ACC054,8672.01,2025-12-31 00:38:24,UPI,Delhi,RTGS,Delhi,DEV8749
TXN00744,ACC032,ACC062,7867.01,2025-12-31 03:37:56,mobile,Chennai,RTGS,Bangalore,DEV2316
TXN00037,ACC050,ACC055,9549.75,2025-12-31 03:38:24,UPI,Delhi,IMPS,Mumbai,DEV2588
TXN00574,ACC041,ACC039,55020.34,2025-12-31 04:56:16,branch,Pune,RTGS,Chennai,DEV6575
TXN00038,ACC050,ACC056,9356.68,2025-12-31 06:38:24,UPI,Delhi,UPI,Chennai,DEV7735
TXN00510,ACC018,ACC002,15277.45,2025-12-31 11:29:09,NEFT,Chennai,IMPS,Mumbai,DEV3248
TXN00146,ACC015,ACC004,27228.84,2025-12-31 11:39:24,mobile,Delhi,RTGS,Hyderabad,DEV2862
TXN00638,ACC006,ACC066,22418.8,2025-12-31 12:47:34,NEFT,Delhi,IMPS,Kolkata,DEV7438
TXN00144,ACC047,ACC013,196204.62,2026-01-01 00:39:02,branch,Delhi,IMPS,Kolkata,DEV4362
TXN00305,ACC005,ACC012,12177.43,2026-01-01 01:56:41,UPI,Mumbai,UPI,Mumbai,DEV7120
TXN00661,ACC050,ACC017,104573.47,2026-01-01 05:27:38,RTGS,Hyderabad,UPI,Delhi,DEV5979
TXN00121,ACC056,ACC042,121139.01,2026-01-01 11:09:13,RTGS,Hyderabad,NEFT,Kolkata,DEV5415
TXN00191,ACC073,ACC006,165222.02,2026-01-01 16:59:57,RTGS,Pune,IMPS,Kolkata,DEV7825
TXN00857,ACC002,ACC023,132273.61,2026-01-02 00:10:08,branch,Pune,RTGS,Hyderabad,DEV9953
TXN00755,ACC038,ACC078,39820.31,2026-01-02 00:51:25,mobile,Pune,RTGS,Delhi,DEV8311
TXN00307,ACC074,ACC051,170300.64,2026-01-02 02:20:29,branch,Hyderabad,IMPS,Bangalore,DEV2705
TXN00848,ACC053,ACC051,2513.42,2026-01-02 03:01:17,UPI,Pune,UPI,Pune,DEV3792
TXN00592,ACC049,ACC057,92471.59,2026-01-02 03:27:10,branch,Delhi,RTGS,Chennai,DEV3203
TXN00432,ACC033,ACC049,165822.16,2026-01-02 04:58:07,mobile,Hyderabad,IMPS,Chennai,DEV7375
TXN00182,ACC010,ACC052,73298.91,2026-01-02 07:58:17,UPI,Pune,UPI,Chennai,DEV1530
TXN00525,ACC023,ACC063,22577.66,2026-01-02 08:06:57,RTGS,Pune,RTGS,Mumbai,DEV9154
TXN00320,ACC073,ACC076,116952.74,2026-01-02 14:11:07,NEFT,Delhi,RTGS,Mumbai,DEV7484
TXN00200,ACC052,ACC065,9010.73,2026-01-02 17:33:37,branch,Chennai,RTGS,Delhi,DEV9446
TXN00564,ACC001,ACC070,195144.61,2026-01-02 20:16:46,RTGS,Mumbai,UPI,Mumbai,DEV7580
TXN00519,ACC058,ACC049,136020.19,2026-01-02 22:27:43,RTGS,Pune,RTGS,Hyderabad,DEV5466
TXN00750,ACC013,ACC002,13150.24,2026-01-03 00:25:24,RTGS,Mumbai,RTGS,Hyderabad,DEV9520
TXN00160,ACC010,ACC051,172491.11,2026-01-03 01:27:20,NEFT,Mumbai,UPI,Hyderabad,DEV8033
TXN00531,ACC003,ACC005,68517.74,2026-01-03 02:38:57,UPI,Hyderabad,RTGS,Bangalore,DEV9791
TXN00130,ACC031,ACC074,77211.2,2026-01-03 04:35:23,NEFT,Chennai,RTGS,Bangalore,DEV3492
TXN00252,ACC046,ACC022,129752.97,2026-01-03 06:06:10,NEFT,Pune,RTGS,Mumbai,DEV1172
TXN00231,ACC049,ACC060,107196.38,2026-01-03 09:24:31,UPI,Delhi,NEFT,Pune,DEV7841
TXN00134,ACC013,ACC057,34106.59,2026-01-03 10:03:03,mobile,Pune,UPI,Pune,DEV8056
TXN00689,ACC067,ACC060,99619.37,2026-01-03 12:19:11,NEFT,Hyderabad,RTGS,Pune,DEV1084
TXN00560,ACC040,ACC022,158064.27,2026-01-03 13:08:43,branch,Chennai,IMPS,Hyderabad,DEV3634
TXN00357,ACC044,ACC014,151672.72,2026-01-03 16:03:51,NEFT,Hyderabad,RTGS,Hyderabad,DEV3903
TXN00345,ACC066,ACC010,144989.16,2026-01-03 19:34:46,UPI,Mumbai,UPI,Pune,DEV6123
TXN00796,ACC068,ACC040,140331.61,2026-01-03 23:15:00,branch,Pune,UPI,Pune,DEV7849
TXN00273,ACC033,ACC011,74996.91,2026-01-03 23:33:26,branch,Delhi,RTGS,Bangalore,DEV2494
TXN00676,ACC039,ACC050,20650.1,2026-01-03 23:46:08,RTGS,Hyderabad,IMPS,Chennai,DEV9333
TXN00978,ACC001,ACC042,16479.7,2026-01-04 00:29:37,NEFT,Chennai,RTGS,Pune,DEV5957
TXN00288,ACC041,ACC035,165373.4,2026-01-04 01:37:09,RTGS,Mumbai,RTGS,Mumbai,DEV8620
TXN00459,ACC008,ACC037,40938.52,2026-01-04 02:34:54,mobile,Mumbai,RTGS,Bangalore,DEV5445
TXN00125,ACC052,ACC066,165160.51,2026-01-04 05:11:19,branch,Hyderabad,RTGS,Bangalore,DEV8242
TXN00899,ACC060,ACC067,92583.93,2026-01-04 05:31:12,branch,Mumbai,UPI,Hyderabad,DEV2595
TXN00350,ACC062,ACC045,133078.42,2026-01-04 06:01:56,UPI,Hyderabad,RTGS,Kolkata,DEV9123
TXN00552,ACC074,ACC027,157750.68,2026-01-04 06:36:16,branch,Mumbai,NEFT,Chennai,DEV6989
TXN00918,ACC039,ACC030,5267.21,2026-01-04 07:52:27,UPI,Hyderabad,RTGS,Bangalore,DEV1296
TXN00051,ACC005,ACC030,26455.48,2026-01-04 12:05:20,RTGS,Delhi,NEFT,Hyderabad,DEV2312
TXN00052,ACC006,ACC030,43310.41,2026-01-04 15:05:20,mobile,Hyderabad,NEFT,Bangalore,DEV4853
TXN00233,ACC063,ACC024,183462.98,2026-01-04 15:44:23,mobile,Mumbai,NEFT,Chennai,DEV3252
TXN00053,ACC007,ACC030,23169.9,2026-01-04 18:05:20,RTGS,Delhi,NEFT,Hyderabad,DEV2343
TXN00436,ACC032,ACC021,100483.92,2026-01-04 18:10:13,UPI,Hyderabad,NEFT,Delhi,DEV8992
TXN00193,ACC039,ACC059,15521.63,2026-01-04 18:29:29,NEFT,Chennai,RTGS,Delhi,DEV6573
TXN00054,ACC008,ACC030,23865.12,2026-01-04 21:05:20,RTGS,Hyderabad,UPI,Pune,DEV4346
TXN00055,ACC009,ACC030,35137.67,2026-01-05 00:05:20,branch,Delhi,UPI,Chennai,DEV3144
TXN00176,ACC031,ACC039,25247.82,2026-01-05 01:14:07,NEFT,Hyderabad,NEFT,Bangalore,DEV9443
TXN00558,ACC054,ACC057,147804.14,2026-01-05 01:34:01,UPI,Hyderabad,UPI,Chennai,DEV6616
TXN00536,ACC006,ACC076,35516.08,2026-01-05 02:12:06,UPI,Chennai,IMPS,Bangalore,DEV7060
TXN00056,ACC017,ACC030,35226.06,2026-01-05 03:05:20,branch,Chennai,UPI,Kolkata,DEV2188
TXN00057,ACC018,ACC030,5419.2,2026-01-05 06:05:20,RTGS,Hyderabad,NEFT,Mumbai,DEV9808
TXN00058,ACC019,ACC030,14591.94,2026-01-05 09:05:20,branch,Delhi,UPI,Mumbai,DEV5002
TXN00440,ACC015,ACC013,105116.91,2026-01-05 10:15:34,UPI,Delhi,NEFT,Delhi,DEV2753
TXN00223,ACC079,ACC003,48892.59,2026-01-05 11:41:00,mobile,Chennai,NEFT,Delhi,DEV1724
TXN00059,ACC023,ACC030,21628.72,2026-01-05 12:05:20,UPI,Chennai,UPI,Hyderabad,DEV9666
TXN00724,ACC052,ACC025,79938.19,2026-01-05 13:53:17,UPI,Chennai,IMPS,Chennai,DEV5573
TXN00060,ACC024,ACC030,5352.04,2026-01-05 15:05:20,RTGS,Pune,NEFT,Delhi,DEV5333
TXN00061,ACC025,ACC030,10194.29,2026-01-05 18:05:20,mobile,Hyderabad,IMPS,Pune,DEV5616
TXN00062,ACC026,ACC030,32217.34,2026-01-05 21:05:20,branch,Delhi,UPI,Hyderabad,DEV9004
TXN00532,ACC020,ACC075,47364.15,2026-01-05 22:44:03,UPI,Chennai,NEFT,Chennai,DEV1750
TXN00941,ACC017,ACC005,166937.85,2026-01-06 01:01:14,RTGS,Chennai,RTGS,Pune,DEV3088
TXN00802,ACC064,ACC069,174180.89,2026-01-06 05:36:47,RTGS,Chennai,RTGS,Chennai,DEV5448
TXN00117,ACC021,ACC031,35588.9,2026-01-06 05:47:52,NEFT,Chennai,RTGS,Pune,DEV1534
TXN00140,ACC044,ACC015,94197.95,2026-01-06 06:20:39,UPI,Chennai,UPI,Mumbai,DEV7464
TXN00163,ACC045,ACC019,48017.5,2026-01-06 06:28:12,NEFT,Chennai,RTGS,Bangalore,DEV6295
TXN00578,ACC017,ACC011,85536.21,2026-01-06 12:01:13,NEFT,Chennai,NEFT,Delhi,DEV2766
TXN00274,ACC013,ACC001,43470.81,2026-01-06 12:29:40,UPI,Hyderabad,RTGS,Mumbai,DEV1132
TXN00175,ACC058,ACC079,2044.99,2026-01-06 15:29:36,UPI,Delhi,RTGS,Mumbai,DEV5720
TXN00614,ACC001,ACC052,40814.99,2026-01-06 22:29:55,UPI,Hyderabad,IMPS,Kolkata,DEV7722
TXN00514,ACC075,ACC022,114999.14,2026-01-06 23:08:48,mobile,Pune,UPI,Delhi,DEV5603
TXN00707,ACC061,ACC079,13909.74,2026-01-07 04:23:12,mobile,Pune,RTGS,Hyderabad,DEV6760
TXN00962,ACC068,ACC014,100798.36,2026-01-07 04:45:15,RTGS,Chennai,NEFT,Mumbai,DEV9875
TXN00151,ACC061,ACC009,19153.73,2026-01-07 05:47:51,mobile,Pune,IMPS,Hyderabad,DEV1982
TXN00187,ACC018,ACC031,158284.24,2026-01-07 07:46:50,NEFT,Chennai,RTGS,Kolkata,DEV7708
TXN00759,ACC029,ACC034,24022.3,2026-01-07 11:11:39,branch,Hyderabad,IMPS,Bangalore,DEV2902
TXN00480,ACC005,ACC074,167764.87,2026-01-07 11:14:46,NEFT,Delhi,IMPS,Bangalore,DEV5659
TXN00745,ACC067,ACC025,175325.23,2026-01-07 13:58:27,RTGS,Pune,IMPS,Pune,DEV4432
TXN00550,ACC038,ACC031,129880.4,2026-01-07 18:17:57,branch,Delhi,RTGS,Kolkata,DEV1399
TXN00663,ACC059,ACC044,196607.16,2026-01-07 21:50:20,UPI,Chennai,IMPS,Chennai,DEV2279
TXN00635,ACC050,ACC061,54427.4,2026-01-07 23:28:02,branch,Chennai,IMPS,Bangalore,DEV3540
TXN00291,ACC002,ACC043,1290.95,2026-01-07 23:39:07,UPI,Hyderabad,RTGS,Bangalore,DEV7102
TXN00314,ACC038,ACC077,96585.35,2026-01-08 08:52:48,UPI,Pune,NEFT,Chennai,DEV2892
TXN00880,ACC020,ACC051,100935.89,2026-01-08 10:48:15,NEFT,Chennai,IMPS,Pune,DEV4103
TXN00976,ACC036,ACC023,53324.59,2026-01-08 21:18:43,RTGS,Hyderabad,RTGS,Pune,DEV5542
TXN00421,ACC011,ACC027,34215.18,2026-01-08 22:54:47,NEFT,Hyderabad,NEFT,Mumbai,DEV7504
TXN00917,ACC008,ACC018,41642.43,2026-01-09 01:21:51,RTGS,Delhi,UPI,Chennai,DEV8824
TXN00534,ACC076,ACC009,163742.24,2026-01-09 06:39:13,RTGS,Hyderabad,IMPS,Mumbai,DEV4320
TXN00398,ACC049,ACC027,137865.58,2026-01-09 07:14:27,RTGS,Pune,UPI,Kolkata,DEV9783
TXN00608,ACC031,ACC077,25333.09,2026-01-09 07:46:43,branch,Chennai,RTGS,Pune,DEV1916
TXN00696,ACC044,ACC004,91361.28,2026-01-09 10:33:27,RTGS,Mumbai,IMPS,Hyderabad,DEV3064
TXN00935,ACC046,ACC070,143945.54,2026-01-09 13:15:12,NEFT,Mumbai,NEFT,Delhi,DEV4343
TXN00204,ACC080,ACC049,30407.37,2026-01-09 14:57:33,NEFT,Pune,RTGS,Delhi,DEV7765
TXN00718,ACC053,ACC051,32250.06,2026-01-09 16:56:10,NEFT,Chennai,NEFT,Chennai,DEV4382
TXN00217,ACC077,ACC011,105575.82,2026-01-09 20:20:58,RTGS,Hyderabad,IMPS,Hyderabad,DEV9792
TXN00604,ACC027,ACC053,54120.02,2026-01-09 23:29:41,mobile,Delhi,UPI,Chennai,DEV8952
TXN00157,ACC011,ACC035,89179.48,2026-01-10 00:05:53,mobile,Pune,RTGS,Hyderabad,DEV6053
TXN00265,ACC071,ACC066,23528.99,2026-01-10 01:00:17,RTGS,Pune,NEFT,Kolkata,DEV8231
TXN00911,ACC014,ACC023,145904.47,2026-01-10 01:37:38,mobile,Chennai,UPI,Hyderabad,DEV1482
TXN00847,ACC054,ACC028,45352.99,2026-01-10 01:41:27,NEFT,Mumbai,UPI,Kolkata,DEV8601
TXN00901,ACC018,ACC029,179115.42,2026-01-10 02:10:30,UPI,Hyderabad,NEFT,Hyderabad,DEV2587
TXN00286,ACC014,ACC074,135149.97,2026-01-10 03:37:51,RTGS,Mumbai,NEFT,Kolkata,DEV1201
TXN00584,ACC037,ACC072,144705.18,2026-01-10 04:32:14,NEFT,Hyderabad,UPI,Bangalore,DEV8273
TXN00517,ACC007,ACC034,151341.3,2026-01-10 05:10:14,NEFT,Chennai,RTGS,Pune,DEV8803
TXN00142,ACC060,ACC039,130198.65,2026-01-10 06:45:31,mobile,Pune,RTGS,Mumbai,DEV2592
TXN00395,ACC078,ACC013,36307.01,2026-01-10 08:43:02,UPI,Hyderabad,NEFT,Kolkata,DEV8069
TXN00704,ACC049,ACC015,68338.27,2026-01-10 10:59:37,UPI,Delhi,IMPS,Hyderabad,DEV7196
TXN00947,ACC013,ACC045,57673.4,2026-01-10 11:07:41,NEFT,Chennai,IMPS,Delhi,DEV5726
TXN00577,ACC044,ACC023,142269.08,2026-01-10 11:14:05,UPI,Delhi,UPI,Delhi,DEV4438
TXN00768,ACC020,ACC052,49755.2,2026-01-10 11:42:50,NEFT,Pune,IMPS,Bangalore,DEV7150
TXN00586,ACC014,ACC051,88173.61,2026-01-10 12:40:54,NEFT,Hyderabad,NEFT,Bangalore,DEV3764
TXN00366,ACC024,ACC023,147280.82,2026-01-10 12:59:55,NEFT,Pune,UPI,Delhi,DEV3636
TXN00522,ACC077,ACC016,141906.95,2026-01-10 14:27:03,RTGS,Delhi,RTGS,Bangalore,DEV4027
TXN00906,ACC019,ACC004,57401.02,2026-01-10 14:47:57,mobile,Hyderabad,UPI,Mumbai,DEV8282
TXN00980,ACC072,ACC057,98528.61,2026-01-10 15:03:47,NEFT,Pune,IMPS,Mumbai,DEV6991
TXN00607,ACC041,ACC078,60297.86,2026-01-10 16:00:06,RTGS,Hyderabad,UPI,Chennai,DEV2478
TXN00527,ACC001,ACC050,190876.91,2026-01-10 17:18:32,branch,Pune,UPI,Chennai,DEV1904
TXN00298,ACC010,ACC003,199435.12,2026-01-10 20:23:39,NEFT,Mumbai,IMPS,Hyderabad,DEV8096
TXN00925,ACC036,ACC011,41507.43,2026-01-10 20:54:28,UPI,Mumbai,IMPS,Bangalore,DEV8213
TXN00812,ACC070,ACC035,125869.68,2026-01-10 21:40:15,mobile,Mumbai,UPI,Mumbai,DEV9381
TXN00892,ACC002,ACC059,9149.67,2026-01-10 22:30:37,branch,Mumbai,RTGS,Pune,DEV1010
TXN00777,ACC053,ACC009,66542.14,2026-01-10 22:40:05,branch,Hyderabad,RTGS,Mumbai,DEV9666
TXN00475,ACC033,ACC042,138651.77,2026-01-10 22:45:47,NEFT,Pune,NEFT,Hyderabad,DEV7292
TXN00583,ACC057,ACC014,36988.86,2026-01-10 22:55:44,RTGS,Delhi,RTGS,Kolkata,DEV6918
TXN00627,ACC059,ACC064,23385.69,2026-01-10 23:01:09,UPI,Pune,IMPS,Kolkata,DEV3757
TXN00931,ACC047,ACC035,132186.76,2026-01-11 00:32:20,branch,Pune,IMPS,Chennai,DEV8581
TXN00749,ACC011,ACC038,18055.71,2026-01-11 01:24:47,branch,Mumbai,IMPS,Chennai,DEV8949
TXN00685,ACC077,ACC046,77963.46,2026-01-11 01:36:18,UPI,Chennai,NEFT,Delhi,DEV1324
TXN00736,ACC029,ACC078,174668.45,2026-01-11 03:27:45,RTGS,Hyderabad,IMPS,Delhi,DEV9313
TXN00027,ACC030,ACC031,9117.87,2026-01-11 03:55:38,UPI,Delhi,IMPS,Pune,DEV9645
TXN00148,ACC042,ACC078,30518.43,2026-01-11 04:55:54,RTGS,Hyderabad,UPI,Chennai,DEV9692
TXN00873,ACC018,ACC075,92678.06,2026-01-11 05:09:29,UPI,Hyderabad,RTGS,Bangalore,DEV8320
TXN00859,ACC015,ACC028,6870.03,2026-01-11 05:50:15,NEFT,Delhi,NEFT,Pune,DEV5822
TXN00028,ACC030,ACC032,9634.16,2026-01-11 06:55:38,UPI,Delhi,RTGS,Delhi,DEV9835
TXN00933,ACC009,ACC057,36780.98,2026-01-11 07:20:02,UPI,Delhi,NEFT,Delhi,DEV2875
TXN00816,ACC058,ACC062,163115.3,2026-01-11 08:03:50,NEFT,Pune,UPI,Chennai,DEV7944
TXN00029,ACC030,ACC033,9481.84,2026-01-11 09:55:38,UPI,Delhi,IMPS,Bangalore,DEV6107
TXN00713,ACC048,ACC018,115924.18,2026-01-11 09:57:04,mobile,Chennai,UPI,Pune,DEV4694
TXN00358,ACC075,ACC023,146368.44,2026-01-11 10:02:07,RTGS,Hyderabad,UPI,Hyderabad,DEV7302
TXN00188,ACC074,ACC010,25940.03,2026-01-11 11:33:09,mobile,Mumbai,IMPS,Pune,DEV3697
TXN00030,ACC030,ACC034,9018.69,2026-01-11 12:55:38,UPI,Delhi,UPI,Chennai,DEV9479
TXN00497,ACC040,ACC079,178556.38,2026-01-11 13:58:42,mobile,Mumbai,RTGS,Mumbai,DEV2410
TXN00031,ACC030,ACC035,9086.93,2026-01-11 15:55:38,UPI,Delhi,IMPS,Delhi,DEV2049
TXN00339,ACC003,ACC030,45639.95,2026-01-11 16:36:56,mobile,Hyderabad,IMPS,Mumbai,DEV7006
TXN00138,ACC005,ACC075,73607.39,2026-01-11 17:05:45,branch,Pune,RTGS,Delhi,DEV4289
TXN00985,ACC079,ACC020,141422.28,2026-01-11 17:38:48,mobile,Mumbai,RTGS,Bangalore,DEV2021
TXN00464,ACC074,ACC020,85866.53,2026-01-11 17:56:07,UPI,Hyderabad,IMPS,Kolkata,DEV3262
TXN00453,ACC012,ACC029,86955.2,2026-01-11 18:54:25,NEFT,Hyderabad,NEFT,Hyderabad,DEV7540
TXN00032,ACC030,ACC036,8939.51,2026-01-11 18:55:38,UPI,Delhi,IMPS,Hyderabad,DEV4608
TXN00394,ACC059,ACC077,118528.6,2026-01-11 18:57:47,UPI,Hyderabad,RTGS,Kolkata,DEV3450
TXN00244,ACC001,ACC040,89502.44,2026-01-11 19:38:52,NEFT,Chennai,RTGS,Mumbai,DEV1430
TXN00267,ACC008,ACC036,173542.47,2026-01-11 20:04:34,branch,Delhi,RTGS,Chennai,DEV3329
TXN00493,ACC025,ACC044,184803.72,2026-01-11 20:08:15,mobile,Chennai,RTGS,Bangalore,DEV9558
TXN00804,ACC038,ACC035,110878.03,2026-01-11 20:43:47,mobile,Delhi,IMPS,Hyderabad,DEV2903
TXN00784,ACC078,ACC006,121867.34,2026-01-11 21:32:22,mobile,Chennai,RTGS,Chennai,DEV3793
TXN00359,ACC054,ACC078,183266.14,2026-01-11 21:39:47,RTGS,Hyderabad,UPI,Kolkata,DEV9975
TXN00177,ACC074,ACC031,143990.32,2026-01-11 21:45:03,RTGS,Pune,IMPS,Kolkata,DEV8612
TXN00338,ACC077,ACC068,68229.2,2026-01-11 22:38:10,NEFT,Pune,IMPS,Delhi,DEV7609
TXN00260,ACC079,ACC076,17865.64,2026-01-11 23:00:18,UPI,Pune,NEFT,Delhi,DEV7116
TXN00468,ACC077,ACC030,46951.56,2026-01-11 23:19:43,RTGS,Chennai,UPI,Delhi,DEV7348
TXN00972,ACC061,ACC060,42912.81,2026-01-12 02:14:50,NEFT,Mumbai,UPI,Chennai,DEV3936
TXN00208,ACC062,ACC028,41211.53,2026-01-12 06:45:12,RTGS,Delhi,IMPS,Mumbai,DEV9700
TXN00655,ACC020,ACC047,67586.9,2026-01-12 07:55:02,UPI,Chennai,RTGS,Kolkata,DEV1107
TXN00946,ACC050,ACC041,151702.74,2026-01-12 20:33:22,UPI,Chennai,UPI,Hyderabad,DEV6150
TXN00174,ACC056,ACC012,189336.24,2026-01-13 03:12:13,branch,Chennai,IMPS,Kolkata,DEV8685
TXN00431,ACC040,ACC064,199594.73,2026-01-13 03:17:36,NEFT,Mumbai,RTGS,Delhi,DEV4148
TXN00392,ACC017,ACC074,118877.18,2026-01-13 05:06:16,branch,Delhi,RTGS,Hyderabad,DEV1305
TXN00318,ACC005,ACC065,114672.77,2026-01-13 06:27:43,NEFT,Delhi,IMPS,Delhi,DEV4157
TXN00290,ACC080,ACC032,93321.41,2026-01-13 13:43:45,NEFT,Mumbai,IMPS,Hyderabad,DEV6675
TXN00333,ACC061,ACC025,100595.0,2026-01-13 14:13:24,UPI,Pune,RTGS,Hyderabad,DEV8496
TXN00372,ACC055,ACC014,41910.33,2026-01-13 21:09:29,branch,Mumbai,NEFT,Mumbai,DEV1889
TXN00367,ACC075,ACC033,2123.38,2026-01-13 23:36:27,branch,Hyderabad,NEFT,Kolkata,DEV5934
TXN00974,ACC008,ACC080,94270.13,2026-01-14 03:26:46,RTGS,Delhi,UPI,Bangalore,DEV1231
TXN00771,ACC041,ACC016,8789.49,2026-01-14 14:31:52,branch,Mumbai,NEFT,Mumbai,DEV9292
TXN00831,ACC064,ACC013,91506.76,2026-01-14 15:08:32,RTGS,Pune,UPI,Mumbai,DEV2165
TXN00171,ACC065,ACC070,167188.85,2026-01-14 16:56:51,RTGS,Delhi,RTGS,Mumbai,DEV7731
TXN00971,ACC016,ACC056,199153.12,2026-01-15 01:33:56,RTGS,Delhi,UPI,Hyderabad,DEV5116
TXN00940,ACC011,ACC053,84783.5,2026-01-15 03:29:19,branch,Hyderabad,RTGS,Bangalore,DEV2654
TXN00337,ACC040,ACC017,21438.94,2026-01-15 04:04:09,mobile,Pune,UPI,Chennai,DEV9524
TXN00513,ACC044,ACC069,155926.9,2026-01-15 05:12:23,RTGS,Pune,UPI,Mumbai,DEV8752
TXN00162,ACC047,ACC012,87905.64,2026-01-15 06:39:42,mobile,Hyderabad,IMPS,Kolkata,DEV6724
TXN00245,ACC012,ACC046,111289.74,2026-01-15 09:51:06,branch,Pune,RTGS,Delhi,DEV2036
TXN00871,ACC007,ACC002,28608.15,2026-01-15 11:27:32,branch,Hyderabad,NEFT,Bangalore,DEV1860
TXN00730,ACC028,ACC014,71958.69,2026-01-15 19:27:06,branch,Mumbai,RTGS,Delhi,DEV8516
TXN00296,ACC039,ACC034,164197.83,2026-01-15 20:01:31,NEFT,Chennai,IMPS,Mumbai,DEV8570
TXN00135,ACC019,ACC032,106702.1,2026-01-16 10:26:49,mobile,Hyderabad,RTGS,Hyderabad,DEV4945
TXN00855,ACC077,ACC016,22308.25,2026-01-16 11:46:37,NEFT,Pune,IMPS,Chennai,DEV2649
TXN00797,ACC032,ACC041,179126.14,2026-01-16 14:23:46,mobile,Pune,IMPS,Pune,DEV8734
TXN00864,ACC024,ACC042,86447.97,2026-01-17 00:05:50,mobile,Delhi,UPI,Pune,DEV3376
TXN00299,ACC051,ACC064,6866.98,2026-01-17 02:58:40,NEFT,Delhi,NEFT,Hyderabad,DEV5026
TXN00412,ACC002,ACC027,76506.17,2026-01-17 02:58:51,UPI,Pune,RTGS,Hyderabad,DEV6621
TXN00356,ACC006,ACC022,98992.01,2026-01-17 03:53:31,NEFT,Delhi,RTGS,Kolkata,DEV4122
TXN00843,ACC058,ACC075,20391.76,2026-01-17 04:09:23,RTGS,Delhi,RTGS,Delhi,DEV6703
TXN00973,ACC020,ACC061,14342.55,2026-01-17 04:11:50,mobile,Hyderabad,RTGS,Pune,DEV2551
TXN00429,ACC059,ACC080,91100.68,2026-01-17 04:27:55,UPI,Mumbai,NEFT,Delhi,DEV2675
TXN00712,ACC052,ACC075,151803.41,2026-01-17 04:35:54,NEFT,Delhi,RTGS,Chennai,DEV1493
TXN00467,ACC057,ACC036,31239.45,2026-01-17 04:48:04,UPI,Mumbai,UPI,Hyderabad,DEV4783
TXN00322,ACC042,ACC035,146031.08,2026-01-17 04:48:21,NEFT,Chennai,UPI,Kolkata,DEV1920
TXN00509,ACC049,ACC052,76931.44,2026-01-17 05:29:04,branch,Chennai,IMPS,Pune,DEV3056
TXN00715,ACC051,ACC009,107363.63,2026-01-17 05:44:42,branch,Hyderabad,RTGS,Bangalore,DEV5991
TXN00329,ACC062,ACC009,67920.45,2026-01-17 05:47:41,UPI,Mumbai,RTGS,Bangalore,DEV6236
TXN00397,ACC033,ACC062,153405.92,2026-01-17 07:20:06,mobile,Hyderabad,NEFT,Hyderabad,DEV1117
TXN00472,ACC072,ACC050,103709.21,2026-01-17 09:16:03,NEFT,Pune,UPI,Chennai,DEV3727
TXN00312,ACC013,ACC043,41904.54,2026-01-17 09:34:46,RTGS,Hyderabad,UPI,Bangalore,DEV5612
TXN00336,ACC069,ACC026,146401.16,2026-01-17 10:57:36,mobile,Delhi,IMPS,Bangalore,DEV6641
TXN00642,ACC012,ACC017,27887.68,2026-01-17 11:29:06,mobile,Delhi,NEFT,Delhi,DEV8882
TXN00981,ACC060,ACC045,145969.81,2026-01-17 11:54:33,UPI,Mumbai,IMPS,Chennai,DEV6914
TXN00111,ACC016,ACC025,63794.04,2026-01-17 13:12:25,NEFT,Pune,UPI,Mumbai,DEV4180
TXN00748,ACC024,ACC026,12737.43,2026-01-17 14:00:29,NEFT,Chennai,NEFT,Kolkata,DEV3721
TXN00540,ACC077,ACC024,143722.55,2026-01-17 14:03:00,RTGS,Mumbai,UPI,Kolkata,DEV9842
TXN00648,ACC003,ACC021,58314.15,2026-01-17 14:44:44,NEFT,Delhi,IMPS,Hyderabad,DEV6556
TXN00913,ACC037,ACC029,41037.36,2026-01-17 14:57:57,mobile,Mumbai,IMPS,Mumbai,DEV3302
TXN00521,ACC014,ACC058,70951.77,2026-01-17 16:47:31,RTGS,Mumbai,NEFT,Hyderabad,DEV4552
TXN00443,ACC030,ACC069,77680.89,2026-01-17 16:53:06,UPI,Hyderabad,IMPS,Hyderabad,DEV7802
TXN00469,ACC063,ACC061,28365.03,2026-01-17 17:12:43,NEFT,Mumbai,UPI,Chennai,DEV4646
TXN00485,ACC067,ACC064,99008.39,2026-01-17 17:54:03,mobile,Chennai,NEFT,Bangalore,DEV4396
TXN00949,ACC022,ACC004,120079.92,2026-01-17 21:34:34,mobile,Pune,IMPS,Pune,DEV7987
TXN00246,ACC022,ACC056,55916.41,2026-01-17 22:32:40,UPI,Pune,NEFT,Chennai,DEV6443
TXN00507,ACC050,ACC079,116008.35,2026-01-17 22:49:13,branch,Pune,UPI,Chennai,DEV6640
TXN00703,ACC044,ACC071,49946.89,2026-01-17 23:34:05,branch,Mumbai,NEFT,Kolkata,DEV3248
TXN00382,ACC023,ACC078,17312.76,2026-01-18 00:36:13,mobile,Mumbai,NEFT,Kolkata,DEV9309
TXN00257,ACC024,ACC056,79720.89,2026-01-18 02:41:00,NEFT,Chennai,NEFT,Bangalore,DEV4519
TXN00747,ACC056,ACC022,36103.86,2026-01-18 04:18:19,RTGS,Mumbai,RTGS,Hyderabad,DEV4482
TXN00418,ACC053,ACC016,70867.01,2026-01-18 06:29:24,RTGS,Delhi,UPI,Pune,DEV6326
TXN00702,ACC057,ACC025,126635.58,2026-01-18 06:52:26,UPI,Delhi,UPI,Bangalore,DEV3855
TXN00569,ACC035,ACC054,35803.71,2026-01-18 07:11:16,NEFT,Pune,RTGS,Mumbai,DEV5947
TXN00836,ACC014,ACC051,153875.11,2026-01-18 07:41:07,mobile,Pune,UPI,Hyderabad,DEV8967
TXN00360,ACC041,ACC071,126884.07,2026-01-18 10:59:22,branch,Pune,IMPS,Bangalore,DEV3913
TXN00477,ACC054,ACC040,62594.14,2026-01-18 15:33:46,branch,Mumbai,RTGS,Chennai,DEV9169
TXN00998,ACC011,ACC024,48000.53,2026-01-18 16:39:31,UPI,Delhi,UPI,Mumbai,DEV8820
TXN00230,ACC016,ACC062,182973.82,2026-01-18 19:26:03,UPI,Hyderabad,UPI,Kolkata,DEV5637
TXN00562,ACC057,ACC034,74564.76,2026-01-18 20:55:50,mobile,Pune,UPI,Delhi,DEV7109
TXN00580,ACC013,ACC016,184099.52,2026-01-18 21:30:13,UPI,Delhi,UPI,Mumbai,DEV2487
TXN00923,ACC010,ACC033,187735.66,2026-01-18 22:34:29,branch,Delhi,RTGS,Bangalore,DEV5959
TXN00479,ACC011,ACC077,120420.32,2026-01-19 02:42:53,UPI,Mumbai,UPI,Mumbai,DEV3381
TXN00390,ACC057,ACC022,46768.16,2026-01-19 11:45:17,UPI,Pune,NEFT,Bangalore,DEV4773
TXN00153,ACC046,ACC014,116005.79,2026-01-19 14:36:05,NEFT,Delhi,NEFT,Pune,DEV7022
TXN00953,ACC026,ACC012,190215.72,2026-01-19 17:58:51,mobile,Chennai,IMPS,Bangalore,DEV3918
TXN00977,ACC079,ACC061,42652.04,2026-01-19 23:14:02,RTGS,Delhi,IMPS,Delhi,DEV8790
TXN00302,ACC024,ACC004,64456.64,2026-01-20 05:14:17,branch,Mumbai,RTGS,Hyderabad,DEV6856
TXN00297,ACC014,ACC018,25169.2,2026-01-20 12:51:11,NEFT,Pune,NEFT,Hyderabad,DEV5240
TXN00813,ACC054,ACC019,1240.87,2026-01-20 17:34:14,NEFT,Chennai,IMPS,Pune,DEV5699
TXN00310,ACC054,ACC022,177025.85,2026-01-20 20:31:48,mobile,Mumbai,UPI,Mumbai,DEV6221
TXN00657,ACC020,ACC068,84922.72,2026-01-21 02:35:12,NEFT,Chennai,RTGS,Chennai,DEV9456
TXN00733,ACC078,ACC075,90333.4,2026-01-21 12:53:42,mobile,Pune,IMPS,Bangalore,DEV8020
TXN00430,ACC037,ACC035,25882.8,2026-01-21 13:22:19,mobile,Chennai,IMPS,Pune,DEV7885
TXN00549,ACC065,ACC005,85713.83,2026-01-22 07:18:59,mobile,Chennai,IMPS,Delhi,DEV6872
TXN00235,ACC056,ACC023,22296.27,2026-01-22 08:22:56,RTGS,Pune,UPI,Pune,DEV7502
TXN00087,ACC020,ACC045,35943.01,2026-01-22 15:24:32,mobile,Chennai,IMPS,Delhi,DEV9486
TXN00088,ACC021,ACC045,25904.74,2026-01-22 18:24:32,RTGS,Delhi,NEFT,Chennai,DEV3184
TXN00089,ACC022,ACC045,41063.75,2026-01-22 21:24:32,RTGS,Hyderabad,UPI,Kolkata,DEV8251
TXN00102,ACC009,ACC006,151092.41,2026-01-22 23:05:45,mobile,Hyderabad,IMPS,Delhi,DEV3068
TXN00776,ACC048,ACC073,131806.29,2026-01-22 23:35:44,mobile,Hyderabad,NEFT,Bangalore,DEV9984
TXN00090,ACC023,ACC045,32569.35,2026-01-23 00:24:32,RTGS,Chennai,RTGS,Delhi,DEV8777
TXN00195,ACC060,ACC016,54226.86,2026-01-23 00:34:37,mobile,Pune,RTGS,Kolkata,DEV7850
TXN00115,ACC073,ACC039,17951.0,2026-01-23 01:12:39,NEFT,Hyderabad,IMPS,Kolkata,DEV9561
TXN00091,ACC024,ACC045,25253.14,2026-01-23 03:24:32,UPI,Pune,RTGS,Bangalore,DEV4919
TXN00860,ACC060,ACC064,87776.34,2026-01-23 05:38:36,branch,Chennai,NEFT,Hyderabad,DEV6105
TXN00092,ACC032,ACC045,17356.89,2026-01-23 06:24:32,mobile,Pune,IMPS,Pune,DEV6502
TXN00093,ACC033,ACC045,19386.93,2026-01-23 09:24:32,RTGS,Mumbai,IMPS,Delhi,DEV4788
TXN00094,ACC034,ACC045,22236.59,2026-01-23 12:24:32,UPI,Delhi,NEFT,Chennai,DEV7678
TXN00179,ACC040,ACC066,80246.59,2026-01-23 13:08:52,UPI,Pune,UPI,Kolkata,DEV1783
TXN00095,ACC038,ACC045,19889.66,2026-01-23 15:24:32,NEFT,Chennai,NEFT,Delhi,DEV7883
TXN00096,ACC039,ACC045,22526.46,2026-01-23 18:24:32,RTGS,Mumbai,RTGS,Chennai,DEV1096
TXN00621,ACC018,ACC042,194905.44,2026-01-23 19:55:59,RTGS,Mumbai,NEFT,Pune,DEV4847
TXN00097,ACC040,ACC045,47423.37,2026-01-23 21:24:32,branch,Chennai,RTGS,Hyderabad,DEV9947
TXN00098,ACC041,ACC045,40994.07,2026-01-24 00:24:32,UPI,Chennai,IMPS,Pune,DEV8140
TXN00484,ACC055,ACC078,169711.8,2026-01-24 03:56:09,RTGS,Pune,IMPS,Hyderabad,DEV9132
TXN00617,ACC034,ACC022,10906.81,2026-01-24 05:05:44,branch,Delhi,NEFT,Mumbai,DEV9615
TXN00332,ACC072,ACC024,189437.75,2026-01-24 06:01:52,NEFT,Mumbai,RTGS,Mumbai,DEV2166
TXN00711,ACC025,ACC078,199601.15,2026-01-24 07:22:25,branch,Pune,UPI,Kolkata,DEV7616
TXN00075,ACC015,ACC040,48314.04,2026-01-24 07:33:34,branch,Mumbai,NEFT,Hyderabad,DEV8119
TXN00076,ACC016,ACC040,20555.92,2026-01-24 10:33:34,branch,Chennai,NEFT,Chennai,DEV4114
TXN00438,ACC042,ACC060,55789.57,2026-01-24 12:31:56,NEFT,Mumbai,RTGS,Bangalore,DEV4039
TXN00077,ACC017,ACC040,16462.51,2026-01-24 13:33:34,NEFT,Mumbai,IMPS,Pune,DEV8066
TXN00524,ACC036,ACC008,77177.0,2026-01-24 15:35:52,mobile,Chennai,IMPS,Hyderabad,DEV7432
TXN00448,ACC059,ACC046,32065.31,2026-01-24 16:21:04,RTGS,Delhi,IMPS,Pune,DEV5920
TXN00132,ACC010,ACC061,156523.53,2026-01-24 16:25:55,NEFT,Mumbai,UPI,Kolkata,DEV9742
TXN00078,ACC018,ACC040,8148.82,2026-01-24 16:33:34,branch,Hyderabad,UPI,Bangalore,DEV3041
TXN00952,ACC076,ACC049,174550.85,2026-01-24 17:02:43,NEFT,Delhi,RTGS,Pune,DEV3159
TXN00879,ACC035,ACC004,95771.84,2026-01-24 17:43:38,RTGS,Mumbai,UPI,Chennai,DEV4474
TXN00791,ACC018,ACC051,84790.1,2026-01-24 18:14:31,NEFT,Hyderabad,RTGS,Kolkata,DEV3087
TXN00442,ACC047,ACC072,148952.01,2026-01-24 18:16:46,mobile,Pune,NEFT,Delhi,DEV9511
TXN00079,ACC019,ACC040,37388.94,2026-01-24 19:33:34,branch,Hyderabad,UPI,Bangalore,DEV7691
TXN00780,ACC019,ACC049,113944.59,2026-01-24 21:54:04,branch,Delhi,RTGS,Bangalore,DEV8500
TXN00154,ACC015,ACC036,115245.9,2026-01-24 22:04:57,branch,Pune,UPI,Pune,DEV1100
TXN00080,ACC027,ACC040,19678.23,2026-01-24 22:33:34,branch,Hyderabad,IMPS,Delhi,DEV7888
TXN00081,ACC028,ACC040,34921.82,2026-01-25 01:33:34,NEFT,Delhi,UPI,Chennai,DEV9977
TXN00678,ACC004,ACC053,127074.72,2026-01-25 02:04:18,RTGS,Mumbai,IMPS,Kolkata,DEV3057
TXN00677,ACC065,ACC050,189922.05,2026-01-25 02:22:10,NEFT,Hyderabad,RTGS,Mumbai,DEV8932
TXN00838,ACC041,ACC073,7233.33,2026-01-25 03:40:33,UPI,Mumbai,IMPS,Mumbai,DEV5487
TXN00824,ACC012,ACC067,76134.5,2026-01-25 03:50:32,mobile,Pune,UPI,Mumbai,DEV4924
TXN00082,ACC029,ACC040,42517.63,2026-01-25 04:33:34,branch,Pune,IMPS,Chennai,DEV6279
TXN00539,ACC017,ACC027,29474.48,2026-01-25 06:14:34,NEFT,Delhi,IMPS,Hyderabad,DEV1616
TXN00491,ACC040,ACC041,142258.16,2026-01-25 07:31:08,NEFT,Delhi,UPI,Chennai,DEV5958
TXN00083,ACC033,ACC040,25924.47,2026-01-25 07:33:34,NEFT,Delhi,RTGS,Kolkata,DEV3780
TXN00120,ACC057,ACC016,94270.9,2026-01-25 09:15:49,NEFT,Chennai,NEFT,Hyderabad,DEV1653
TXN00084,ACC034,ACC040,34648.28,2026-01-25 10:33:34,branch,Hyderabad,UPI,Mumbai,DEV4848
TXN00708,ACC030,ACC075,9187.44,2026-01-25 11:03:56,UPI,Chennai,IMPS,Pune,DEV2243
TXN00127,ACC071,ACC053,19548.63,2026-01-25 12:00:37,NEFT,Chennai,IMPS,Chennai,DEV3369
TXN00085,ACC035,ACC040,35275.81,2026-01-25 13:33:34,UPI,Delhi,IMPS,Mumbai,DEV1757
TXN00867,ACC007,ACC064,100231.54,2026-01-25 14:19:06,mobile,Chennai,IMPS,Hyderabad,DEV6355
TXN00264,ACC063,ACC022,17451.45,2026-01-25 15:20:16,branch,Delhi,RTGS,Hyderabad,DEV9115
TXN00854,ACC049,ACC034,132192.28,2026-01-25 15:35:55,UPI,Mumbai,NEFT,Mumbai,DEV8522
TXN00905,ACC076,ACC064,74100.54,2026-01-25 16:06:11,mobile,Chennai,RTGS,Kolkata,DEV7960
TXN00086,ACC036,ACC040,16017.91,2026-01-25 16:33:34,NEFT,Hyderabad,NEFT,Chennai,DEV7790
TXN00882,ACC005,ACC074,53969.47,2026-01-25 16:45:04,RTGS,Chennai,RTGS,Chennai,DEV2659
TXN00889,ACC058,ACC068,35815.5,2026-01-25 18:35:11,mobile,Hyderabad,UPI,Kolkata,DEV3014
TXN00541,ACC065,ACC029,93378.99,2026-01-25 19:00:17,mobile,Delhi,RTGS,Chennai,DEV3888
TXN00774,ACC006,ACC031,8310.06,2026-01-25 21:15:46,RTGS,Chennai,NEFT,Hyderabad,DEV5177
TXN00282,ACC054,ACC055,140660.32,2026-01-25 21:25:51,mobile,Hyderabad,IMPS,Kolkata,DEV3545
TXN00565,ACC080,ACC029,89748.57,2026-01-25 22:30:05,mobile,Hyderabad,RTGS,Bangalore,DEV2431
TXN00122,ACC074,ACC006,152858.69,2026-01-25 23:02:09,RTGS,Chennai,RTGS,Mumbai,DEV8700
TXN00351,ACC022,ACC010,150534.57,2026-01-25 23:02:14,UPI,Hyderabad,RTGS,Chennai,DEV4850
TXN00805,ACC001,ACC045,126903.89,2026-01-26 02:36:31,mobile,Hyderabad,NEFT,Bangalore,DEV7258
TXN00143,ACC031,ACC069,27997.15,2026-01-26 02:43:33,branch,Delhi,RTGS,Chennai,DEV4868
TXN00173,ACC049,ACC065,105964.5,2026-01-26 15:07:44,UPI,Pune,RTGS,Hyderabad,DEV3414
TXN00165,ACC005,ACC008,74378.78,2026-01-26 19:49:19,mobile,Hyderabad,RTGS,Chennai,DEV1672
TXN00890,ACC056,ACC059,113765.82,2026-01-26 22:55:29,mobile,Chennai,IMPS,Chennai,DEV3461
TXN00567,ACC037,ACC045,70919.65,2026-01-26 23:27:00,NEFT,Chennai,IMPS,Kolkata,DEV2410
TXN00262,ACC023,ACC072,34206.24,2026-01-26 23:55:04,branch,Chennai,NEFT,Kolkata,DEV6882
TXN00666,ACC015,ACC016,74547.61,2026-01-27 01:40:44,UPI,Mumbai,UPI,Pune,DEV7135
TXN00801,ACC025,ACC054,110548.64,2026-01-27 01:49:56,RTGS,Mumbai,IMPS,Bangalore,DEV7512
TXN00207,ACC037,ACC016,115121.88,2026-01-27 03:41:16,mobile,Pune,RTGS,Bangalore,DEV5201
TXN00384,ACC061,ACC020,73797.91,2026-01-27 04:57:40,RTGS,Hyderabad,NEFT,Chennai,DEV6961
TXN00922,ACC057,ACC024,57236.6,2026-01-27 08:15:18,NEFT,Chennai,NEFT,Bangalore,DEV2258
TXN00898,ACC032,ACC075,102929.15,2026-01-27 10:25:24,NEFT,Delhi,RTGS,Bangalore,DEV1097
TXN00942,ACC052,ACC072,49045.55,2026-01-27 10:32:12,branch,Hyderabad,NEFT,Bangalore,DEV1741
TXN00343,ACC034,ACC067,194650.82,2026-01-27 15:06:08,RTGS,Chennai,IMPS,Bangalore,DEV8875
TXN00450,ACC074,ACC013,119451.01,2026-01-28 02:51:04,RTGS,Chennai,NEFT,Kolkata,DEV1916
TXN00112,ACC038,ACC030,72815.33,2026-01-28 07:13:07,RTGS,Delhi,UPI,Mumbai,DEV1893
TXN00872,ACC034,ACC006,23049.92,2026-01-28 11:55:53,branch,Hyderabad,RTGS,Pune,DEV3790
TXN00609,ACC063,ACC069,75566.29,2026-01-28 20:58:32,RTGS,Mumbai,NEFT,Bangalore,DEV4926
TXN00825,ACC037,ACC021,108772.02,2026-01-28 23:11:10,UPI,Mumbai,IMPS,Pune,DEV2393
TXN00760,ACC074,ACC048,26356.08,2026-01-29 03:05:53,RTGS,Delhi,RTGS,Chennai,DEV6237
TXN00103,ACC061,ACC015,113229.95,2026-01-29 03:39:26,mobile,Pune,RTGS,Chennai,DEV4249
TXN00737,ACC011,ACC055,145272.83,2026-01-29 04:38:43,UPI,Delhi,RTGS,Delhi,DEV5079
TXN00239,ACC010,ACC036,179963.02,2026-01-29 11:41:11,UPI,Hyderabad,IMPS,Kolkata,DEV7525
TXN00761,ACC047,ACC017,104430.53,2026-01-29 15:02:44,branch,Delhi,RTGS,Bangalore,DEV8467
TXN00352,ACC011,ACC059,89393.59,2026-01-29 15:21:39,NEFT,Mumbai,NEFT,Chennai,DEV7755
TXN00842,ACC002,ACC020,179403.72,2026-01-29 16:10:04,NEFT,Pune,NEFT,Chennai,DEV3059
TXN00934,ACC005,ACC024,137203.84,2026-01-29 18:19:37,UPI,Mumbai,UPI,Pune,DEV1264
TXN00951,ACC029,ACC010,66096.03,2026-01-29 18:46:34,RTGS,Mumbai,NEFT,Delhi,DEV3242
TXN00201,ACC018,ACC042,186342.38,2026-01-29 21:06:46,RTGS,Pune,UPI,Hyderabad,DEV9351
TXN00308,ACC064,ACC019,66902.52,2026-01-29 23:24:59,mobile,Pune,RTGS,Mumbai,DEV5345
TXN00535,ACC055,ACC044,162492.68,2026-01-30 10:24:22,RTGS,Hyderabad,IMPS,Pune,DEV4493
TXN00434,ACC039,ACC026,72724.9,2026-01-30 11:03:19,branch,Hyderabad,NEFT,Chennai,DEV4982
TXN00107,ACC076,ACC035,65138.61,2026-01-30 12:13:19,UPI,Pune,UPI,Pune,DEV5581
TXN00295,ACC012,ACC021,161711.78,2026-01-30 18:41:55,UPI,Pune,RTGS,Hyderabad,DEV1802
TXN00213,ACC059,ACC033,144001.04,2026-01-30 19:00:31,mobile,Delhi,IMPS,Chennai,DEV6301
TXN00734,ACC032,ACC080,16798.54,2026-01-30 20:47:13,branch,Mumbai,RTGS,Bangalore,DEV5726
TXN00379,ACC033,ACC013,40286.1,2026-01-31 01:49:21,UPI,Mumbai,UPI,Hyderabad,DEV2143
TXN00915,ACC030,ACC007,120696.43,2026-01-31 01:58:59,branch,Pune,RTGS,Bangalore,DEV6863
TXN00256,ACC003,ACC044,129946.01,2026-01-31 02:08:45,NEFT,Delhi,RTGS,Bangalore,DEV4022
TXN00735,ACC004,ACC030,169540.03,2026-01-31 02:47:59,UPI,Hyderabad,NEFT,Bangalore,DEV5068
TXN00961,ACC038,ACC021,182220.1,2026-01-31 03:20:24,RTGS,Delhi,NEFT,Mumbai,DEV1328
TXN00732,ACC014,ACC069,158460.69,2026-01-31 04:36:31,branch,Chennai,NEFT,Pune,DEV1289
TXN00966,ACC058,ACC048,95884.46,2026-01-31 05:30:53,mobile,Mumbai,IMPS,Delhi,DEV9025
TXN00551,ACC059,ACC060,154595.17,2026-01-31 06:36:42,branch,Chennai,UPI,Bangalore,DEV9887
TXN00763,ACC049,ACC008,196247.42,2026-01-31 07:10:02,UPI,Delhi,NEFT,Kolkata,DEV3933
TXN00494,ACC015,ACC001,62885.28,2026-01-31 07:30:20,mobile,Mumbai,UPI,Mumbai,DEV6114
TXN00168,ACC009,ACC043,19806.68,2026-01-31 07:40:26,UPI,Pune,UPI,Bangalore,DEV7421
TXN00710,ACC047,ACC005,109659.19,2026-01-31 08:35:46,branch,Pune,UPI,Bangalore,DEV5496
TXN00486,ACC079,ACC054,83394.19,2026-01-31 08:40:35,UPI,Mumbai,IMPS,Bangalore,DEV5614
TXN00417,ACC061,ACC013,90521.11,2026-01-31 10:41:25,branch,Hyderabad,UPI,Pune,DEV1324
TXN00994,ACC067,ACC024,95566.75,2026-01-31 10:49:14,mobile,Delhi,UPI,Pune,DEV3666
TXN00568,ACC019,ACC027,61343.0,2026-01-31 12:27:42,RTGS,Chennai,NEFT,Mumbai,DEV7708
TXN00597,ACC076,ACC003,197167.19,2026-01-31 13:44:42,branch,Delhi,UPI,Pune,DEV8143
TXN00751,ACC035,ACC063,95173.12,2026-01-31 15:06:10,branch,Pune,IMPS,Pune,DEV7528
TXN00419,ACC066,ACC063,155174.13,2026-01-31 17:03:21,RTGS,Hyderabad,RTGS,Kolkata,DEV2168
TXN00995,ACC060,ACC070,38045.98,2026-01-31 18:11:51,NEFT,Pune,NEFT,Delhi,DEV9306
TXN00587,ACC009,ACC047,195066.29,2026-01-31 19:57:11,NEFT,Mumbai,IMPS,Kolkata,DEV7958
TXN00199,ACC051,ACC048,159184.55,2026-01-31 21:00:36,branch,Delhi,IMPS,Hyderabad,DEV9341
TXN00528,ACC012,ACC047,107390.63,2026-01-31 23:17:16,NEFT,Pune,IMPS,Delhi,DEV1644
TXN00355,ACC058,ACC015,20389.97,2026-02-01 02:18:14,branch,Hyderabad,UPI,Bangalore,DEV2741
TXN00829,ACC021,ACC065,103743.86,2026-02-01 02:26:22,UPI,Pune,UPI,Pune,DEV8059
TXN00346,ACC055,ACC015,19904.7,2026-02-01 05:29:09,NEFT,Chennai,RTGS,Pune,DEV7319
TXN00920,ACC015,ACC057,24480.52,2026-02-01 06:25:29,mobile,Delhi,IMPS,Mumbai,DEV1164
TXN00758,ACC074,ACC077,13868.74,2026-02-01 06:39:29,NEFT,Hyderabad,RTGS,Kolkata,DEV4823
TXN00389,ACC049,ACC029,103757.98,2026-02-01 10:52:03,NEFT,Hyderabad,NEFT,Hyderabad,DEV3276
TXN00129,ACC076,ACC075,199781.56,2026-02-01 11:04:52,RTGS,Chennai,RTGS,Pune,DEV4090
TXN00241,ACC011,ACC065,149345.86,2026-02-01 12:47:42,NEFT,Delhi,NEFT,Pune,DEV7499
TXN00222,ACC055,ACC069,76476.02,2026-02-01 13:29:41,UPI,Mumbai,NEFT,Kolkata,DEV7868
TXN00425,ACC068,ACC069,62622.6,2026-02-01 15:50:41,UPI,Mumbai,RTGS,Pune,DEV6992
TXN00581,ACC019,ACC036,189809.53,2026-02-01 17:24:07,RTGS,Hyderabad,IMPS,Hyderabad,DEV2119
TXN00954,ACC005,ACC054,137908.35,2026-02-01 19:25:22,UPI,Pune,IMPS,Pune,DEV8947
TXN00835,ACC010,ACC029,78256.38,2026-02-01 19:58:06,RTGS,Chennai,NEFT,Mumbai,DEV3953
TXN00309,ACC027,ACC032,138942.04,2026-02-01 23:33:52,mobile,Mumbai,NEFT,Chennai,DEV8179
TXN00196,ACC032,ACC021,162882.09,2026-02-02 05:11:21,branch,Chennai,RTGS,Pune,DEV9793
TXN00787,ACC008,ACC046,2172.33,2026-02-02 07:30:50,branch,Delhi,RTGS,Pune,DEV1145
TXN00662,ACC055,ACC065,22977.94,2026-02-02 08:52:00,mobile,Chennai,UPI,Hyderabad,DEV1085
TXN00572,ACC074,ACC003,169210.73,2026-02-02 15:39:09,branch,Pune,RTGS,Bangalore,DEV6832
TXN00726,ACC002,ACC035,31545.8,2026-02-02 17:17:14,mobile,Hyderabad,IMPS,Chennai,DEV1782
TXN00853,ACC004,ACC017,196699.42,2026-02-02 17:22:02,UPI,Pune,IMPS,Hyderabad,DEV5018
TXN00285,ACC045,ACC067,103927.35,2026-02-02 22:02:01,RTGS,Delhi,UPI,Delhi,DEV5179
TXN00701,ACC049,ACC027,80662.2,2026-02-03 04:18:33,branch,Mumbai,NEFT,Delhi,DEV5760
TXN00197,ACC002,ACC014,86754.63,2026-02-03 11:34:48,mobile,Hyderabad,IMPS,Pune,DEV5728
TXN00553,ACC060,ACC080,9133.99,2026-02-03 12:44:05,RTGS,Mumbai,IMPS,Delhi,DEV6487
TXN00769,ACC012,ACC060,173114.26,2026-02-03 14:48:32,mobile,Mumbai,NEFT,Chennai,DEV9351
TXN00806,ACC033,ACC078,110624.68,2026-02-03 17:52:39,NEFT,Mumbai,RTGS,Delhi,DEV8526
TXN00731,ACC029,ACC009,131934.38,2026-02-03 18:40:11,UPI,Chennai,UPI,Kolkata,DEV9185
TXN00105,ACC045,ACC069,86247.22,2026-02-03 22:22:36,branch,Mumbai,RTGS,Kolkata,DEV9031
TXN00402,ACC012,ACC009,53355.31,2026-02-03 22:59:33,mobile,Chennai,RTGS,Hyderabad,DEV9536
TXN00833,ACC057,ACC047,102983.37,2026-02-04 05:37:44,NEFT,Hyderabad,RTGS,Pune,DEV1699
TXN00969,ACC070,ACC064,63290.22,2026-02-04 10:17:46,mobile,Delhi,NEFT,Delhi,DEV4233
TXN00362,ACC002,ACC067,22187.62,2026-02-04 22:22:34,mobile,Delhi,UPI,Kolkata,DEV3636
TXN00632,ACC010,ACC071,190428.14,2026-02-04 23:35:22,branch,Delhi,IMPS,Kolkata,DEV7535
TXN00315,ACC040,ACC051,94717.95,2026-02-05 13:53:16,NEFT,Pune,IMPS,Chennai,DEV1731
TXN00530,ACC004,ACC076,48458.54,2026-02-05 16:46:41,RTGS,Pune,RTGS,Hyderabad,DEV8361
TXN00765,ACC061,ACC045,151785.12,2026-02-05 22:07:38,branch,Pune,IMPS,Bangalore,DEV9978
TXN00849,ACC074,ACC056,49124.39,2026-02-05 22:49:28,NEFT,Mumbai,RTGS,Delhi,DEV7396
TXN00566,ACC066,ACC051,39695.56,2026-02-06 13:15:41,NEFT,Pune,RTGS,Pune,DEV1199
TXN00983,ACC005,ACC036,128693.14,2026-02-06 14:58:35,branch,Pune,NEFT,Hyderabad,DEV1498
TXN00194,ACC078,ACC019,63203.92,2026-02-06 15:57:40,branch,Hyderabad,NEFT,Pune,DEV4960
TXN00877,ACC050,ACC058,173703.9,2026-02-06 19:25:45,branch,Chennai,IMPS,Bangalore,DEV6032
TXN00869,ACC006,ACC044,129310.36,2026-02-06 19:45:14,branch,Chennai,NEFT,Chennai,DEV5889
TXN00155,ACC024,ACC019,113697.9,2026-02-06 20:46:45,mobile,Mumbai,IMPS,Chennai,DEV7878
TXN00633,ACC012,ACC003,170616.82,2026-02-07 00:32:07,UPI,Mumbai,UPI,Chennai,DEV8083
TXN00808,ACC010,ACC055,49805.51,2026-02-07 00:47:13,RTGS,Delhi,NEFT,Hyderabad,DEV2633
TXN00404,ACC052,ACC046,134262.75,2026-02-07 07:39:12,RTGS,Mumbai,NEFT,Mumbai,DEV5661
TXN00505,ACC057,ACC023,62299.11,2026-02-07 08:27:07,mobile,Hyderabad,RTGS,Pune,DEV9098
TXN00108,ACC077,ACC036,111602.41,2026-02-07 09:55:49,UPI,Chennai,RTGS,Chennai,DEV1282
TXN00220,ACC009,ACC061,7315.24,2026-02-07 15:36:47,UPI,Chennai,UPI,Chennai,DEV8348
TXN00326,ACC050,ACC007,33418.57,2026-02-07 17:06:18,mobile,Chennai,IMPS,Bangalore,DEV3837
TXN00863,ACC005,ACC066,51359.67,2026-02-07 17:48:23,RTGS,Pune,RTGS,Mumbai,DEV2878
TXN00234,ACC030,ACC009,141726.74,2026-02-07 21:22:20,RTGS,Pune,UPI,Mumbai,DEV9228
TXN00428,ACC071,ACC048,38525.62,2026-02-08 01:01:11,mobile,Delhi,IMPS,Pune,DEV2808
TXN00399,ACC055,ACC073,73763.17,2026-02-08 01:46:32,RTGS,Chennai,IMPS,Pune,DEV8925
TXN00209,ACC029,ACC030,11445.73,2026-02-08 01:56:46,NEFT,Mumbai,IMPS,Mumbai,DEV3587
TXN00502,ACC069,ACC060,80762.48,2026-02-08 02:16:25,UPI,Hyderabad,IMPS,Chennai,DEV7288
TXN00225,ACC074,ACC077,154735.1,2026-02-08 02:32:57,mobile,Hyderabad,IMPS,Bangalore,DEV7999
TXN00420,ACC011,ACC021,69381.47,2026-02-08 03:32:54,mobile,Delhi,IMPS,Bangalore,DEV5122
TXN00368,ACC063,ACC074,110481.88,2026-02-08 08:04:27,NEFT,Mumbai,UPI,Delhi,DEV4495
TXN00226,ACC072,ACC064,10329.94,2026-02-08 08:59:27,branch,Chennai,IMPS,Kolkata,DEV9813
TXN00161,ACC074,ACC052,142190.29,2026-02-08 12:10:53,NEFT,Mumbai,UPI,Delhi,DEV8538
TXN00330,ACC018,ACC004,131424.71,2026-02-08 14:12:46,mobile,Hyderabad,IMPS,Pune,DEV4643
TXN00543,ACC010,ACC031,144559.21,2026-02-08 15:22:45,branch,Delhi,NEFT,Pune,DEV4731
TXN00839,ACC052,ACC011,60369.02,2026-02-08 16:54:25,branch,Delhi,NEFT,Mumbai,DEV8021
TXN00856,ACC063,ACC003,83335.28,2026-02-08 17:20:19,branch,Chennai,IMPS,Delhi,DEV5894
TXN00596,ACC003,ACC069,65897.25,2026-02-08 23:19:03,NEFT,Pune,NEFT,Bangalore,DEV8695
TXN00795,ACC030,ACC016,27326.87,2026-02-09 08:14:31,UPI,Mumbai,NEFT,Chennai,DEV7673
TXN00380,ACC025,ACC041,97686.38,2026-02-09 12:54:45,branch,Delhi,IMPS,Bangalore,DEV8145
TXN00794,ACC034,ACC032,133599.76,2026-02-09 14:53:49,mobile,Hyderabad,IMPS,Delhi,DEV3436
TXN00862,ACC080,ACC014,121851.83,2026-02-09 15:15:21,branch,Pune,NEFT,Chennai,DEV3740
TXN00964,ACC074,ACC061,75939.56,2026-02-09 15:46:20,NEFT,Hyderabad,UPI,Chennai,DEV5659
TXN00149,ACC038,ACC059,101604.66,2026-02-09 17:19:16,mobile,Hyderabad,IMPS,Chennai,DEV8398
TXN00159,ACC033,ACC038,66296.35,2026-02-09 18:22:59,NEFT,Hyderabad,IMPS,Hyderabad,DEV6802
TXN00903,ACC070,ACC034,164515.61,2026-02-09 22:20:28,mobile,Delhi,IMPS,Kolkata,DEV4943
TXN00624,ACC044,ACC060,27251.99,2026-02-09 23:41:00,mobile,Pune,NEFT,Delhi,DEV9179
TXN00790,ACC021,ACC018,71393.82,2026-02-10 02:05:04,UPI,Mumbai,IMPS,Pune,DEV1659
TXN00106,ACC014,ACC056,192196.73,2026-02-10 05:38:33,RTGS,Pune,RTGS,Chennai,DEV8136
TXN00626,ACC020,ACC007,46742.25,2026-02-10 07:50:22,NEFT,Mumbai,RTGS,Pune,DEV8949
TXN00131,ACC064,ACC005,26123.01,2026-02-10 16:52:19,NEFT,Mumbai,IMPS,Chennai,DEV3529
TXN00927,ACC008,ACC036,171060.27,2026-02-11 01:31:30,UPI,Chennai,IMPS,Bangalore,DEV8062
TXN00697,ACC066,ACC033,71722.85,2026-02-11 02:56:02,UPI,Mumbai,NEFT,Delhi,DEV6106
TXN00385,ACC065,ACC002,132873.02,2026-02-11 06:39:11,RTGS,Hyderabad,IMPS,Bangalore,DEV8921
TXN00181,ACC038,ACC040,89737.24,2026-02-11 08:46:18,branch,Hyderabad,RTGS,Pune,DEV1939
TXN00670,ACC018,ACC065,127655.59,2026-02-11 13:18:14,branch,Mumbai,RTGS,Chennai,DEV4814
TXN00474,ACC018,ACC051,83298.3,2026-02-11 17:31:27,NEFT,Hyderabad,IMPS,Chennai,DEV2477
TXN00837,ACC028,ACC061,23750.96,2026-02-12 02:07:45,UPI,Chennai,IMPS,Bangalore,DEV4497
TXN00324,ACC026,ACC008,50648.56,2026-02-12 06:29:11,branch,Delhi,UPI,Pune,DEV8605
TXN00178,ACC062,ACC024,162488.04,2026-02-12 09:21:17,UPI,Mumbai,IMPS,Mumbai,DEV6170
TXN00556,ACC009,ACC025,178488.74,2026-02-12 09:48:29,NEFT,Delhi,UPI,Mumbai,DEV2791
TXN00997,ACC017,ACC043,157925.31,2026-02-12 16:07:52,UPI,Delhi,IMPS,Pune,DEV6038
TXN00100,ACC011,ACC055,28004.2,2026-02-12 18:43:10,branch,Chennai,UPI,Delhi,DEV8449
TXN00828,ACC038,ACC021,31156.02,2026-02-12 21:59:59,mobile,Delhi,IMPS,Kolkata,DEV3307
TXN00579,ACC005,ACC066,119042.06,2026-02-13 11:55:30,branch,Mumbai,NEFT,Pune,DEV1168
TXN00457,ACC002,ACC044,139065.25,2026-02-13 16:50:13,UPI,Hyderabad,IMPS,Delhi,DEV9952
TXN00141,ACC002,ACC034,107777.89,2026-02-13 17:30:17,RTGS,Pune,IMPS,Bangalore,DEV2035
TXN00644,ACC003,ACC015,34054.99,2026-02-13 17:32:01,NEFT,Hyderabad,IMPS,Delhi,DEV5830
TXN00570,ACC075,ACC039,99326.0,2026-02-13 19:59:05,branch,Chennai,IMPS,Chennai,DEV5009
TXN00647,ACC071,ACC009,54301.93,2026-02-13 21:50:29,RTGS,Pune,RTGS,Bangalore,DEV8147
TXN00767,ACC049,ACC055,136209.61,2026-02-13 23:05:40,mobile,Mumbai,UPI,Hyderabad,DEV8107
TXN00719,ACC017,ACC027,62641.68,2026-02-14 01:12:06,RTGS,Pune,IMPS,Hyderabad,DEV8519
TXN00317,ACC053,ACC076,46275.04,2026-02-14 01:18:18,UPI,Chennai,UPI,Mumbai,DEV7468
TXN00753,ACC068,ACC036,190261.33,2026-02-14 02:10:44,UPI,Mumbai,UPI,Mumbai,DEV6901
TXN00407,ACC062,ACC015,52306.13,2026-02-14 05:20:19,UPI,Hyderabad,UPI,Delhi,DEV4115
TXN00779,ACC024,ACC045,161410.91,2026-02-14 06:03:10,branch,Mumbai,IMPS,Bangalore,DEV3070
TXN00427,ACC002,ACC063,189444.54,2026-02-14 06:31:51,NEFT,Pune,IMPS,Kolkata,DEV1118
TXN00275,ACC044,ACC016,197642.83,2026-02-14 08:00:23,NEFT,Mumbai,NEFT,Mumbai,DEV6133
TXN00391,ACC054,ACC043,144330.88,2026-02-14 11:05:03,UPI,Chennai,NEFT,Delhi,DEV1706
TXN00229,ACC006,ACC010,38444.5,2026-02-14 11:57:13,branch,Pune,NEFT,Delhi,DEV4113
TXN00576,ACC015,ACC017,184758.54,2026-02-14 12:14:33,branch,Delhi,RTGS,Hyderabad,DEV9570
TXN00301,ACC026,ACC068,50580.4,2026-02-14 12:37:47,NEFT,Pune,UPI,Chennai,DEV5430
TXN00630,ACC020,ACC004,17131.58,2026-02-14 13:01:39,branch,Hyderabad,NEFT,Pune,DEV1718
TXN00381,ACC036,ACC047,27726.86,2026-02-14 13:15:28,branch,Pune,RTGS,Hyderabad,DEV2783
TXN00361,ACC065,ACC070,139168.08,2026-02-14 14:13:37,NEFT,Hyderabad,UPI,Kolkata,DEV7920
TXN00454,ACC034,ACC011,80306.88,2026-02-14 15:30:53,NEFT,Chennai,IMPS,Hyderabad,DEV9589
TXN00840,ACC044,ACC039,33742.12,2026-02-14 17:09:08,UPI,Chennai,UPI,Bangalore,DEV7375
TXN00739,ACC022,ACC061,88833.84,2026-02-14 18:01:38,NEFT,Chennai,NEFT,Kolkata,DEV5918
TXN00874,ACC016,ACC067,105990.2,2026-02-14 19:40:17,branch,Pune,NEFT,Pune,DEV4971
TXN00826,ACC006,ACC073,197312.3,2026-02-14 22:14:10,branch,Mumbai,UPI,Mumbai,DEV6843
TXN00126,ACC007,ACC027,54144.19,2026-02-15 00:20:40,RTGS,Delhi,IMPS,Pune,DEV1224
TXN00555,ACC055,ACC036,11837.54,2026-02-15 03:52:29,mobile,Chennai,UPI,Chennai,DEV7031
TXN00170,ACC040,ACC024,190282.69,2026-02-15 03:58:39,UPI,Delhi,NEFT,Pune,DEV2657
TXN00887,ACC058,ACC063,147228.19,2026-02-15 04:29:44,NEFT,Mumbai,UPI,Pune,DEV6467
TXN00529,ACC050,ACC025,60475.2,2026-02-15 04:31:10,NEFT,Delhi,IMPS,Mumbai,DEV4163
TXN00504,ACC023,ACC010,148134.04,2026-02-15 04:48:53,RTGS,Chennai,UPI,Hyderabad,DEV2599
TXN00641,ACC002,ACC022,131504.39,2026-02-15 05:01:47,RTGS,Pune,RTGS,Kolkata,DEV5958
TXN00970,ACC057,ACC015,8773.33,2026-02-15 06:07:37,RTGS,Chennai,RTGS,Mumbai,DEV5861
TXN00500,ACC061,ACC030,189542.21,2026-02-15 06:51:25,NEFT,Mumbai,UPI,Chennai,DEV8556
TXN00334,ACC019,ACC041,172616.39,2026-02-15 07:01:47,UPI,Pune,NEFT,Mumbai,DEV8406
TXN00386,ACC046,ACC006,44545.0,2026-02-15 07:10:21,branch,Pune,IMPS,Mumbai,DEV4387
TXN00861,ACC022,ACC027,190798.65,2026-02-15 07:36:52,NEFT,Chennai,UPI,Kolkata,DEV6222
TXN00646,ACC005,ACC063,80536.39,2026-02-15 07:46:37,mobile,Hyderabad,NEFT,Chennai,DEV6174
TXN00832,ACC023,ACC059,52330.88,2026-02-15 08:36:36,branch,Chennai,RTGS,Kolkata,DEV3113
TXN00668,ACC028,ACC024,164005.89,2026-02-15 09:51:21,RTGS,Pune,NEFT,Kolkata,DEV1732
TXN00984,ACC061,ACC078,126815.78,2026-02-15 13:22:01,RTGS,Mumbai,NEFT,Pune,DEV1472
TXN00232,ACC038,ACC020,40042.16,2026-02-15 14:03:17,branch,Delhi,IMPS,Bangalore,DEV9954
TXN00242,ACC042,ACC004,127190.47,2026-02-15 14:04:23,RTGS,Chennai,RTGS,Delhi,DEV7227
TXN00798,ACC036,ACC078,21051.58,2026-02-15 15:39:51,branch,Mumbai,NEFT,Bangalore,DEV1223
TXN00612,ACC036,ACC011,164816.36,2026-02-15 16:36:33,NEFT,Pune,RTGS,Kolkata,DEV2644
TXN00950,ACC057,ACC067,26109.56,2026-02-15 20:15:10,UPI,Pune,NEFT,Pune,DEV2295
TXN00945,ACC049,ACC042,88278.82,2026-02-15 20:20:28,RTGS,Hyderabad,RTGS,Pune,DEV6288
TXN00478,ACC070,ACC001,121988.8,2026-02-15 20:44:42,RTGS,Chennai,RTGS,Chennai,DEV8239
TXN00650,ACC017,ACC023,40697.36,2026-02-15 21:20:49,UPI,Hyderabad,NEFT,Mumbai,DEV6878
TXN00618,ACC056,ACC059,165624.23,2026-02-15 22:20:05,UPI,Delhi,UPI,Pune,DEV9096
TXN00875,ACC027,ACC010,15953.74,2026-02-15 23:23:56,mobile,Delhi,RTGS,Kolkata,DEV7308
TXN00830,ACC006,ACC050,48583.01,2026-02-16 06:11:46,mobile,Delhi,UPI,Hyderabad,DEV2428
TXN00250,ACC027,ACC057,159739.42,2026-02-16 10:20:41,branch,Delhi,UPI,Bangalore,DEV3525
TXN00415,ACC061,ACC002,36144.85,2026-02-16 11:01:53,RTGS,Hyderabad,UPI,Kolkata,DEV8972
TXN00253,ACC013,ACC034,45178.21,2026-02-16 13:03:14,mobile,Chennai,NEFT,Pune,DEV7815
TXN00166,ACC058,ACC074,130715.65,2026-02-16 15:09:16,mobile,Chennai,NEFT,Kolkata,DEV6626
TXN00656,ACC032,ACC061,68922.69,2026-02-16 23:40:20,branch,Pune,RTGS,Pune,DEV5021
TXN00292,ACC059,ACC011,116573.35,2026-02-17 00:36:58,NEFT,Mumbai,NEFT,Chennai,DEV3141
TXN00723,ACC048,ACC010,151323.98,2026-02-17 02:06:00,mobile,Mumbai,RTGS,Chennai,DEV6630
TXN00501,ACC022,ACC037,153820.36,2026-02-17 06:29:33,mobile,Pune,NEFT,Kolkata,DEV5949
TXN00944,ACC018,ACC024,145017.79,2026-02-17 09:48:41,mobile,Hyderabad,UPI,Bangalore,DEV8430
TXN00573,ACC007,ACC038,59041.16,2026-02-17 20:16:47,UPI,Mumbai,IMPS,Hyderabad,DEV6285
TXN00850,ACC023,ACC052,180930.1,2026-02-18 04:13:37,UPI,Mumbai,IMPS,Hyderabad,DEV2939
TXN00717,ACC009,ACC050,57479.71,2026-02-18 20:48:52,mobile,Pune,NEFT,Delhi,DEV6353
TXN00636,ACC064,ACC068,126282.36,2026-02-18 21:28:19,NEFT,Chennai,NEFT,Kolkata,DEV8825
TXN00673,ACC065,ACC003,24936.35,2026-02-19 14:12:23,mobile,Pune,IMPS,Delhi,DEV8278
TXN01000,ACC013,ACC050,26571.98,2026-02-19 19:27:45,NEFT,Hyderabad,NEFT,Delhi,DEV3918
TXN00374,ACC003,ACC050,134986.45,2026-02-19 21:08:18,RTGS,Mumbai,NEFT,Bangalore,DEV2189
TXN00960,ACC049,ACC012,156306.27,2026-02-19 22:37:33,UPI,Hyderabad,RTGS,Kolkata,DEV4757
TXN00858,ACC001,ACC021,104827.96,2026-02-19 23:44:52,RTGS,Delhi,IMPS,Kolkata,DEV6978
TXN00582,ACC013,ACC075,152885.56,2026-02-20 02:28:46,mobile,Delhi,RTGS,Pune,DEV4033
TXN00643,ACC019,ACC031,87721.91,2026-02-20 05:52:20,branch,Chennai,IMPS,Chennai,DEV7912
TXN00684,ACC069,ACC011,157673.74,2026-02-20 06:01:41,NEFT,Mumbai,UPI,Kolkata,DEV7166
TXN00363,ACC037,ACC033,30139.25,2026-02-20 11:54:23,NEFT,Mumbai,IMPS,Bangalore,DEV7371
TXN00674,ACC011,ACC069,121764.11,2026-02-20 13:19:16,UPI,Delhi,UPI,Kolkata,DEV2468
TXN00846,ACC071,ACC077,33368.77,2026-02-20 20:12:20,NEFT,Hyderabad,NEFT,Bangalore,DEV5749
TXN00904,ACC022,ACC066,148591.28,2026-02-21 00:44:35,NEFT,Pune,UPI,Bangalore,DEV2638
TXN00341,ACC054,ACC057,76670.5,2026-02-21 02:08:40,UPI,Delhi,NEFT,Pune,DEV7895
TXN00270,ACC028,ACC064,54438.83,2026-02-21 02:12:36,RTGS,Chennai,UPI,Bangalore,DEV1793
TXN00601,ACC041,ACC026,83448.54,2026-02-21 02:47:50,mobile,Hyderabad,IMPS,Hyderabad,DEV9178
TXN00424,ACC060,ACC070,187036.66,2026-02-21 05:05:14,RTGS,Delhi,RTGS,Bangalore,DEV8126
TXN00378,ACC025,ACC015,37090.24,2026-02-21 05:47:59,RTGS,Mumbai,UPI,Bangalore,DEV2103
TXN00496,ACC080,ACC072,103298.07,2026-02-21 06:59:56,UPI,Pune,IMPS,Delhi,DEV2167
TXN00444,ACC014,ACC074,72234.71,2026-02-21 08:23:47,branch,Delhi,RTGS,Pune,DEV6163
TXN00124,ACC037,ACC052,162899.64,2026-02-21 08:42:07,mobile,Pune,UPI,Pune,DEV2899
TXN00110,ACC045,ACC055,199329.66,2026-02-21 09:22:56,NEFT,Pune,UPI,Pune,DEV4777
TXN00482,ACC039,ACC042,74345.32,2026-02-21 09:34:29,NEFT,Delhi,NEFT,Bangalore,DEV5496
TXN00300,ACC038,ACC064,82986.45,2026-02-21 10:04:54,mobile,Pune,RTGS,Delhi,DEV7868
TXN00325,ACC065,ACC051,127446.55,2026-02-21 11:35:05,UPI,Pune,NEFT,Pune,DEV1449
TXN00778,ACC045,ACC074,173214.27,2026-02-21 12:04:14,mobile,Mumbai,IMPS,Pune,DEV7382
TXN00009,ACC021,ACC022,45257.28,2026-02-21 13:13:55,NEFT,Mumbai,UPI,Hyderabad,DEV4150
TXN00010,ACC022,ACC023,45409.14,2026-02-21 15:13:55,NEFT,Mumbai,NEFT,Bangalore,DEV4733
TXN00716,ACC012,ACC022,21758.32,2026-02-21 15:15:01,RTGS,Chennai,NEFT,Delhi,DEV4260
TXN00289,ACC037,ACC040,66132.88,2026-02-21 15:40:49,branch,Delhi,UPI,Hyderabad,DEV5979
TXN00447,ACC028,ACC041,5318.57,2026-02-21 17:00:46,RTGS,Hyderabad,IMPS,Mumbai,DEV1618
TXN00011,ACC023,ACC024,45546.14,2026-02-21 17:13:55,NEFT,Mumbai,NEFT,Kolkata,DEV4814
TXN00012,ACC024,ACC021,45732.97,2026-02-21 19:13:55,NEFT,Mumbai,RTGS,Pune,DEV8428
TXN00414,ACC013,ACC035,161013.43,2026-02-21 20:55:12,NEFT,Delhi,IMPS,Kolkata,DEV3450
TXN00932,ACC003,ACC057,2765.27,2026-02-21 23:52:32,mobile,Hyderabad,NEFT,Pune,DEV6145
TXN00652,ACC063,ACC034,198738.9,2026-02-22 00:50:25,UPI,Hyderabad,NEFT,Bangalore,DEV1826
TXN00331,ACC069,ACC061,181398.77,2026-02-22 03:41:47,mobile,Chennai,IMPS,Bangalore,DEV5237
TXN00664,ACC048,ACC068,81147.99,2026-02-22 05:22:30,NEFT,Pune,RTGS,Bangalore,DEV7937
TXN00437,ACC030,ACC041,196353.47,2026-02-22 05:30:22,NEFT,Delhi,IMPS,Hyderabad,DEV6696
TXN00694,ACC009,ACC014,135835.33,2026-02-22 06:02:59,NEFT,Chennai,NEFT,Hyderabad,DEV7735
TXN00623,ACC048,ACC017,193643.5,2026-02-22 06:45:15,UPI,Pune,IMPS,Hyderabad,DEV9074
TXN00988,ACC011,ACC023,89236.38,2026-02-22 09:04:55,branch,Chennai,NEFT,Hyderabad,DEV8585
TXN00834,ACC080,ACC008,148467.47,2026-02-22 09:38:37,mobile,Pune,RTGS,Delhi,DEV7541
TXN00866,ACC030,ACC072,14180.79,2026-02-22 10:00:45,RTGS,Mumbai,RTGS,Bangalore,DEV8130
TXN00975,ACC025,ACC036,57553.33,2026-02-22 10:22:14,UPI,Mumbai,IMPS,Mumbai,DEV4546
TXN00263,ACC002,ACC063,28170.41,2026-02-22 11:27:54,NEFT,Chennai,RTGS,Chennai,DEV8272
TXN00481,ACC079,ACC077,114884.24,2026-02-22 12:51:07,NEFT,Hyderabad,UPI,Mumbai,DEV2525
TXN00681,ACC075,ACC066,56980.95,2026-02-22 14:57:33,mobile,Chennai,NEFT,Kolkata,DEV3288
TXN00445,ACC071,ACC042,169125.95,2026-02-22 15:06:23,NEFT,Hyderabad,UPI,Pune,DEV8412
TXN00304,ACC023,ACC031,118911.38,2026-02-22 16:10:56,UPI,Chennai,UPI,Delhi,DEV9035
TXN00249,ACC051,ACC047,23663.68,2026-02-22 16:45:03,RTGS,Delhi,NEFT,Bangalore,DEV8563
TXN00316,ACC034,ACC057,93546.53,2026-02-22 17:40:26,mobile,Mumbai,UPI,Kolkata,DEV9871
TXN00349,ACC009,ACC034,131339.74,2026-02-22 19:27:29,branch,Hyderabad,NEFT,Chennai,DEV5072
TXN00968,ACC040,ACC044,167030.36,2026-02-22 20:09:26,mobile,Pune,IMPS,Kolkata,DEV9007
TXN00571,ACC004,ACC016,153178.95,2026-02-22 20:46:06,branch,Chennai,NEFT,Pune,DEV9397
TXN00669,ACC054,ACC062,115038.76,2026-02-22 21:12:35,branch,Chennai,RTGS,Kolkata,DEV3175
TXN00499,ACC069,ACC011,194762.7,2026-02-23 01:55:44,NEFT,Mumbai,RTGS,Pune,DEV8625
TXN00416,ACC039,ACC033,112865.55,2026-02-23 02:02:04,mobile,Delhi,NEFT,Delhi,DEV5166
TXN00914,ACC001,ACC047,155102.75,2026-02-23 05:06:19,RTGS,Pune,NEFT,Mumbai,DEV9170
TXN00631,ACC080,ACC058,65658.18,2026-02-23 05:07:10,mobile,Pune,UPI,Kolkata,DEV1909
TXN00388,ACC036,ACC034,116147.66,2026-02-23 07:27:13,NEFT,Pune,NEFT,Hyderabad,DEV5121
TXN00628,ACC066,ACC035,113086.23,2026-02-23 08:54:58,mobile,Delhi,RTGS,Bangalore,DEV2545
TXN00214,ACC032,ACC001,52896.27,2026-02-23 13:47:06,branch,Delhi,NEFT,Bangalore,DEV2936
TXN00405,ACC072,ACC075,70270.95,2026-02-23 18:30:50,UPI,Chennai,NEFT,Hyderabad,DEV2185
TXN00455,ACC010,ACC035,155577.61,2026-02-23 21:06:14,NEFT,Chennai,UPI,Pune,DEV4120
TXN00258,ACC027,ACC036,150712.77,2026-02-24 00:12:08,RTGS,Delhi,UPI,Pune,DEV4228
TXN00895,ACC023,ACC073,87727.44,2026-02-24 02:06:42,UPI,Pune,IMPS,Chennai,DEV4268
TXN00599,ACC039,ACC074,81003.44,2026-02-24 02:10:19,branch,Pune,NEFT,Hyderabad,DEV9700
TXN00219,ACC072,ACC060,134880.77,2026-02-24 02:26:49,NEFT,Pune,NEFT,Hyderabad,DEV1987
TXN00594,ACC079,ACC046,153527.68,2026-02-24 15:37:33,branch,Chennai,NEFT,Chennai,DEV6654
TXN00293,ACC031,ACC038,52937.2,2026-02-24 17:21:09,mobile,Delhi,RTGS,Chennai,DEV6145
TXN00259,ACC059,ACC015,53208.33,2026-02-24 22:42:15,branch,Chennai,IMPS,Kolkata,DEV5873
TXN00742,ACC051,ACC048,77423.45,2026-02-25 01:44:36,mobile,Mumbai,RTGS,Hyderabad,DEV3660
TXN00164,ACC041,ACC020,88512.8,2026-02-25 08:59:31,RTGS,Mumbai,UPI,Chennai,DEV8404
TXN00595,ACC046,ACC053,70902.58,2026-02-25 11:34:58,mobile,Pune,NEFT,Pune,DEV3781
TXN00852,ACC056,ACC002,126149.93,2026-02-25 13:20:45,RTGS,Hyderabad,NEFT,Hyderabad,DEV7265
TXN00279,ACC038,ACC007,156976.52,2026-02-25 14:50:27,mobile,Pune,UPI,Delhi,DEV7337
TXN00247,ACC080,ACC049,161011.22,2026-02-25 15:55:12,branch,Hyderabad,IMPS,Chennai,DEV6147
TXN00446,ACC058,ACC051,1038.93,2026-02-25 19:06:43,UPI,Pune,NEFT,Pune,DEV4635
TXN00145,ACC009,ACC071,42224.32,2026-02-25 19:37:19,UPI,Delhi,UPI,Kolkata,DEV3858
TXN00156,ACC059,ACC044,32324.45,2026-02-25 20:11:10,mobile,Delhi,IMPS,Kolkata,DEV1815
TXN00261,ACC019,ACC066,78304.19,2026-02-25 20:39:25,NEFT,Chennai,IMPS,Chennai,DEV9804
TXN00841,ACC002,ACC072,156831.4,2026-02-25 22:17:41,RTGS,Hyderabad,IMPS,Pune,DEV6185
TXN00727,ACC067,ACC014,78733.06,2026-02-26 00:48:13,NEFT,Delhi,IMPS,Pune,DEV4908
TXN00158,ACC006,ACC029,79657.42,2026-02-26 03:24:45,UPI,Pune,IMPS,Kolkata,DEV3248
TXN00810,ACC035,ACC019,187781.08,2026-02-26 04:08:24,mobile,Mumbai,UPI,Kolkata,DEV2392
TXN00393,ACC037,ACC011,44102.09,2026-02-26 06:56:23,RTGS,Delhi,UPI,Delhi,DEV6614
TXN00799,ACC071,ACC017,66911.13,2026-02-26 09:15:41,RTGS,Delhi,IMPS,Bangalore,DEV8303
TXN00365,ACC026,ACC080,173901.14,2026-02-26 12:52:39,UPI,Pune,RTGS,Delhi,DEV2220
TXN00375,ACC046,ACC065,22120.97,2026-02-26 20:17:06,NEFT,Chennai,RTGS,Kolkata,DEV1504
TXN00725,ACC021,ACC022,167860.67,2026-02-26 21:16:12,branch,Mumbai,RTGS,Delhi,DEV2271
TXN00483,ACC043,ACC068,83337.82,2026-02-27 09:04:21,RTGS,Hyderabad,NEFT,Chennai,DEV5705
TXN00133,ACC049,ACC041,125733.04,2026-02-27 21:40:08,branch,Delhi,NEFT,Chennai,DEV2612
TXN00793,ACC007,ACC044,86503.35,2026-02-27 22:01:37,RTGS,Delhi,IMPS,Pune,DEV2884
TXN00342,ACC013,ACC067,54725.45,2026-02-27 22:13:29,mobile,Mumbai,RTGS,Delhi,DEV4272
TXN00422,ACC068,ACC011,21681.75,2026-02-27 23:09:59,NEFT,Pune,IMPS,Delhi,DEV5655
TXN00800,ACC013,ACC010,188421.78,2026-02-28 01:16:58,NEFT,Delhi,IMPS,Mumbai,DEV3094
TXN00692,ACC043,ACC067,159028.11,2026-02-28 02:34:43,mobile,Chennai,NEFT,Mumbai,DEV1994
TXN00137,ACC038,ACC003,195610.95,2026-02-28 05:39:55,UPI,Mumbai,NEFT,Pune,DEV8222
TXN00116,ACC049,ACC058,181792.37,2026-02-28 05:58:57,mobile,Delhi,IMPS,Pune,DEV2330
TXN00928,ACC069,ACC007,132420.09,2026-02-28 07:09:18,NEFT,Mumbai,NEFT,Hyderabad,DEV7358
TXN00319,ACC017,ACC006,85251.6,2026-02-28 10:42:51,NEFT,Mumbai,RTGS,Delhi,DEV3428
TXN00340,ACC005,ACC049,175432.28,2026-02-28 10:53:36,mobile,Mumbai,NEFT,Mumbai,DEV2897
TXN00695,ACC030,ACC077,157707.49,2026-02-28 12:55:42,NEFT,Chennai,RTGS,Hyderabad,DEV2659
TXN00729,ACC042,ACC072,125730.5,2026-02-28 14:28:42,RTGS,Chennai,RTGS,Mumbai,DEV4807
TXN00462,ACC051,ACC021,4656.07,2026-02-28 15:46:40,RTGS,Pune,NEFT,Bangalore,DEV5221
TXN00959,ACC040,ACC058,82552.5,2026-02-28 15:54:26,RTGS,Hyderabad,UPI,Delhi,DEV9843
TXN00490,ACC003,ACC027,115902.13,2026-02-28 18:45:36,UPI,Hyderabad,RTGS,Delhi,DEV2914
TXN00192,ACC080,ACC004,100109.57,2026-02-28 20:16:56,branch,Chennai,IMPS,Kolkata,DEV7653
TXN00104,ACC010,ACC076,138432.27,2026-02-28 20:27:53,branch,Hyderabad,NEFT,Kolkata,DEV1672
TXN00557,ACC022,ACC036,23292.89,2026-02-28 20:32:37,NEFT,Hyderabad,IMPS,Chennai,DEV6680
TXN00722,ACC031,ACC021,55481.48,2026-02-28 22:25:26,mobile,Delhi,RTGS,Chennai,DEV2986
TXN00545,ACC007,ACC056,29843.31,2026-03-01 07:36:00,branch,Delhi,UPI,Delhi,DEV1525
TXN00533,ACC032,ACC017,3858.68,2026-03-01 09:05:31,branch,Mumbai,RTGS,Hyderabad,DEV3796
TXN00248,ACC023,ACC051,193776.32,2026-03-01 09:39:13,RTGS,Delhi,UPI,Chennai,DEV5592
TXN00335,ACC036,ACC027,152477.46,2026-03-01 11:01:01,NEFT,Chennai,RTGS,Mumbai,DEV1618
TXN00243,ACC011,ACC080,59780.52,2026-03-01 11:58:49,NEFT,Pune,UPI,Mumbai,DEV2499
TXN00376,ACC061,ACC021,107160.08,2026-03-01 12:19:03,branch,Mumbai,IMPS,Mumbai,DEV1684
TXN00781,ACC024,ACC057,197263.01,2026-03-01 13:47:16,UPI,Mumbai,IMPS,Hyderabad,DEV1940
TXN00682,ACC072,ACC036,175777.58,2026-03-01 14:56:14,NEFT,Pune,IMPS,Bangalore,DEV6269
TXN00738,ACC039,ACC037,115707.94,2026-03-01 15:56:53,NEFT,Mumbai,UPI,Chennai,DEV7188
TXN00401,ACC013,ACC028,102160.37,2026-03-01 16:35:02,mobile,Delhi,RTGS,Hyderabad,DEV8133
TXN00705,ACC048,ACC041,120310.28,2026-03-01 17:12:16,mobile,Hyderabad,IMPS,Kolkata,DEV9773
TXN00817,ACC062,ACC053,120746.88,2026-03-01 18:16:45,UPI,Chennai,RTGS,Hyderabad,DEV9144
TXN00237,ACC049,ACC071,95725.01,2026-03-01 18:36:53,UPI,Mumbai,RTGS,Kolkata,DEV8109
TXN00894,ACC056,ACC075,183733.71,2026-03-01 19:18:20,NEFT,Mumbai,UPI,Pune,DEV6091
TXN00912,ACC023,ACC042,22424.54,2026-03-01 20:07:26,UPI,Delhi,UPI,Chennai,DEV8168
TXN00602,ACC028,ACC060,54319.25,2026-03-01 21:21:37,RTGS,Chennai,NEFT,Hyderabad,DEV4287
TXN00686,ACC036,ACC046,39110.82,2026-03-01 22:32:53,branch,Hyderabad,RTGS,Delhi,DEV4174
TXN00001,ACC001,ACC002,45483.1,2026-03-02 00:51:23,NEFT,Mumbai,IMPS,Delhi,DEV3286
TXN00002,ACC002,ACC003,45472.94,2026-03-02 02:51:23,NEFT,Mumbai,NEFT,Hyderabad,DEV7912
TXN00190,ACC079,ACC069,19592.25,2026-03-02 04:29:35,RTGS,Delhi,IMPS,Bangalore,DEV6531
TXN00003,ACC003,ACC004,44063.57,2026-03-02 04:51:23,NEFT,Mumbai,NEFT,Delhi,DEV4811
TXN00004,ACC004,ACC001,45010.71,2026-03-02 06:51:23,NEFT,Mumbai,NEFT,Hyderabad,DEV4257
TXN00709,ACC046,ACC011,59609.05,2026-03-02 10:42:27,branch,Delhi,NEFT,Mumbai,DEV2168
TXN00210,ACC053,ACC061,96012.26,2026-03-02 15:56:07,mobile,Hyderabad,IMPS,Hyderabad,DEV1611
TXN00039,ACC070,ACC071,9023.41,2026-03-02 16:35:31,UPI,Delhi,UPI,Kolkata,DEV2790
TXN00040,ACC070,ACC072,8823.25,2026-03-02 19:35:31,UPI,Delhi,IMPS,Hyderabad,DEV8350
TXN00013,ACC031,ACC032,45269.96,2026-03-02 20:54:57,NEFT,Mumbai,IMPS,Delhi,DEV8573
TXN00041,ACC070,ACC073,8682.24,2026-03-02 22:35:31,UPI,Delhi,IMPS,Pune,DEV8579
TXN00014,ACC032,ACC033,44758.91,2026-03-02 22:54:57,NEFT,Mumbai,IMPS,Bangalore,DEV6313
TXN00937,ACC075,ACC045,188048.03,2026-03-02 23:39:28,mobile,Delhi,RTGS,Hyderabad,DEV2986
TXN00369,ACC047,ACC038,44470.61,2026-03-02 23:51:47,branch,Chennai,IMPS,Bangalore,DEV4994
TXN00015,ACC033,ACC034,45685.7,2026-03-03 00:54:57,NEFT,Mumbai,NEFT,Delhi,DEV1525
TXN00688,ACC025,ACC003,198398.32,2026-03-03 01:33:50,branch,Chennai,RTGS,Pune,DEV2994
TXN00042,ACC070,ACC074,8824.75,2026-03-03 01:35:31,UPI,Delhi,NEFT,Chennai,DEV2604
TXN00016,ACC034,ACC031,45610.09,2026-03-03 02:54:57,NEFT,Mumbai,RTGS,Pune,DEV2084
TXN00043,ACC070,ACC075,8565.76,2026-03-03 04:35:31,UPI,Delhi,NEFT,Mumbai,DEV4872
TXN00044,ACC070,ACC076,8716.2,2026-03-03 07:35:31,UPI,Delhi,RTGS,Chennai,DEV4502
TXN00916,ACC009,ACC021,193654.85,2026-03-03 09:01:30,branch,Chennai,UPI,Delhi,DEV6481
TXN00876,ACC025,ACC063,21802.41,2026-03-03 13:49:08,RTGS,Mumbai,IMPS,Delhi,DEV6957
TXN00463,ACC050,ACC004,188883.2,2026-03-03 17:38:46,NEFT,Hyderabad,IMPS,Chennai,DEV4938
TXN00772,ACC039,ACC047,193288.96,2026-03-03 20:30:23,branch,Mumbai,UPI,Bangalore,DEV9750
TXN00721,ACC054,ACC032,36736.04,2026-03-03 22:39:07,RTGS,Mumbai,RTGS,Bangalore,DEV1715
TXN00891,ACC067,ACC038,125135.23,2026-03-04 10:51:45,NEFT,Pune,NEFT,Kolkata,DEV5828
TXN00910,ACC004,ACC021,47109.16,2026-03-04 13:03:16,NEFT,Pune,IMPS,Kolkata,DEV4876
TXN00634,ACC040,ACC078,27126.05,2026-03-04 13:39:31,branch,Hyderabad,IMPS,Chennai,DEV8298
TXN00939,ACC010,ACC047,131012.66,2026-03-04 14:32:59,branch,Pune,UPI,Pune,DEV2932
TXN00458,ACC067,ACC034,110211.21,2026-03-04 20:02:39,RTGS,Hyderabad,NEFT,Pune,DEV3790
TXN00512,ACC036,ACC060,103872.96,2026-03-04 21:06:28,RTGS,Hyderabad,UPI,Hyderabad,DEV1864
TXN00987,ACC052,ACC054,167705.62,2026-03-04 23:15:40,UPI,Hyderabad,IMPS,Bangalore,DEV5368
TXN00152,ACC076,ACC072,112774.99,2026-03-05 00:07:41,branch,Chennai,NEFT,Pune,DEV6119
TXN00123,ACC045,ACC053,67328.37,2026-03-05 00:24:30,UPI,Pune,RTGS,Bangalore,DEV9117
TXN00495,ACC027,ACC042,40910.55,2026-03-05 02:42:59,UPI,Delhi,UPI,Mumbai,DEV1249
TXN00344,ACC043,ACC031,1544.86,2026-03-05 03:54:10,mobile,Hyderabad,RTGS,Delhi,DEV2475
TXN00520,ACC043,ACC035,54150.48,2026-03-05 06:37:34,mobile,Mumbai,RTGS,Mumbai,DEV9605
TXN00640,ACC044,ACC024,43002.61,2026-03-05 08:02:25,RTGS,Mumbai,NEFT,Chennai,DEV2911
TXN00202,ACC069,ACC063,142039.22,2026-03-05 08:58:00,NEFT,Hyderabad,UPI,Kolkata,DEV1436
TXN00403,ACC037,ACC077,12435.14,2026-03-05 09:28:29,UPI,Mumbai,IMPS,Mumbai,DEV5520
TXN00619,ACC049,ACC017,86830.41,2026-03-05 16:50:53,UPI,Chennai,IMPS,Mumbai,DEV5754
TXN00698,ACC075,ACC056,103112.02,2026-03-05 19:26:18,UPI,Hyderabad,NEFT,Chennai,DEV6633
TXN00675,ACC020,ACC040,190480.78,2026-03-05 20:09:24,RTGS,Pune,IMPS,Mumbai,DEV1958
TXN00629,ACC043,ACC004,57571.97,2026-03-06 00:53:20,branch,Hyderabad,NEFT,Kolkata,DEV6300
TXN00881,ACC052,ACC023,119215.78,2026-03-06 02:06:11,UPI,Mumbai,IMPS,Mumbai,DEV1870
TXN00884,ACC040,ACC031,34876.28,2026-03-06 02:45:36,UPI,Pune,RTGS,Delhi,DEV1208
TXN00280,ACC073,ACC054,73717.08,2026-03-06 06:15:16,NEFT,Mumbai,NEFT,Hyderabad,DEV2106
TXN00610,ACC033,ACC071,77553.35,2026-03-06 11:37:42,UPI,Chennai,RTGS,Mumbai,DEV7438
TXN00865,ACC041,ACC016,2916.97,2026-03-06 18:43:18,branch,Delhi,RTGS,Hyderabad,DEV6268
TXN00762,ACC019,ACC077,57395.17,2026-03-06 19:26:18,RTGS,Chennai,IMPS,Chennai,DEV5775
TXN00278,ACC016,ACC076,146271.82,2026-03-06 23:48:36,branch,Delhi,IMPS,Bangalore,DEV7418
TXN00435,ACC002,ACC006,116634.33,2026-03-07 00:27:05,RTGS,Delhi,UPI,Kolkata,DEV2466
TXN00251,ACC055,ACC049,15719.06,2026-03-07 02:40:57,mobile,Pune,NEFT,Mumbai,DEV5067
TXN00109,ACC012,ACC038,45097.68,2026-03-07 02:51:54,RTGS,Pune,RTGS,Hyderabad,DEV9698
TXN00938,ACC068,ACC007,121813.3,2026-03-07 05:51:41,NEFT,Pune,NEFT,Pune,DEV9284
TXN00700,ACC021,ACC014,91406.12,2026-03-07 06:12:18,RTGS,Delhi,IMPS,Chennai,DEV6431
TXN00503,ACC009,ACC044,42439.39,2026-03-07 08:09:39,NEFT,Hyderabad,UPI,Hyderabad,DEV4869
TXN00896,ACC039,ACC040,18033.99,2026-03-07 08:19:55,branch,Chennai,UPI,Chennai,DEV8643
TXN00775,ACC034,ACC049,130304.02,2026-03-07 09:13:20,UPI,Mumbai,UPI,Bangalore,DEV4156
TXN00773,ACC057,ACC018,115837.22,2026-03-07 10:35:16,branch,Hyderabad,IMPS,Bangalore,DEV2622
TXN00613,ACC021,ACC034,101760.57,2026-03-07 10:50:28,mobile,Delhi,RTGS,Kolkata,DEV3229
TXN00822,ACC044,ACC057,156497.98,2026-03-07 10:55:37,mobile,Delhi,NEFT,Bangalore,DEV1526
TXN00803,ACC027,ACC024,1716.51,2026-03-07 14:21:48,RTGS,Chennai,UPI,Pune,DEV4609
TXN00255,ACC067,ACC062,70311.76,2026-03-07 14:27:36,mobile,Pune,NEFT,Kolkata,DEV2885
TXN00559,ACC042,ACC063,119078.09,2026-03-07 14:41:38,RTGS,Chennai,RTGS,Pune,DEV3161
TXN00236,ACC011,ACC048,191900.26,2026-03-07 15:33:45,mobile,Mumbai,NEFT,Chennai,DEV7213
TXN00269,ACC042,ACC075,1492.14,2026-03-07 15:41:06,mobile,Hyderabad,RTGS,Delhi,DEV8039
TXN00452,ACC007,ACC040,105352.29,2026-03-07 16:48:10,mobile,Chennai,RTGS,Kolkata,DEV9269
TXN00909,ACC074,ACC065,155304.2,2026-03-07 16:48:11,RTGS,Pune,RTGS,Mumbai,DEV1736
TXN00924,ACC047,ACC071,59244.0,2026-03-07 16:48:36,mobile,Mumbai,UPI,Chennai,DEV8966
TXN00005,ACC011,ACC012,44555.74,2026-03-07 17:40:00,NEFT,Mumbai,IMPS,Kolkata,DEV6514
TXN00999,ACC021,ACC045,20882.78,2026-03-07 19:09:32,NEFT,Chennai,RTGS,Bangalore,DEV4977
TXN00006,ACC012,ACC013,44204.42,2026-03-07 19:40:00,NEFT,Mumbai,RTGS,Mumbai,DEV6881
TXN00498,ACC055,ACC051,36617.62,2026-03-07 20:31:26,branch,Pune,UPI,Kolkata,DEV4246
TXN00007,ACC013,ACC014,45694.99,2026-03-07 21:40:00,NEFT,Mumbai,UPI,Kolkata,DEV1711
TXN00008,ACC014,ACC011,45459.46,2026-03-07 23:40:00,NEFT,Mumbai,NEFT,Chennai,DEV2291
TXN00820,ACC016,ACC019,76114.7,2026-03-08 01:16:07,RTGS,Mumbai,RTGS,Kolkata,DEV3591
TXN00216,ACC029,ACC018,96158.2,2026-03-08 02:31:28,NEFT,Hyderabad,IMPS,Kolkata,DEV5054
TXN00992,ACC034,ACC012,98487.25,2026-03-08 03:05:58,branch,Delhi,UPI,Bangalore,DEV9253
TXN00554,ACC031,ACC070,23597.98,2026-03-08 04:37:42,UPI,Pune,UPI,Pune,DEV9250
TXN00266,ACC070,ACC028,197965.37,2026-03-08 07:26:54,RTGS,Pune,NEFT,Delhi,DEV7743
TXN00639,ACC006,ACC011,83834.06,2026-03-08 08:12:18,RTGS,Chennai,RTGS,Hyderabad,DEV5342
TXN00311,ACC034,ACC014,15765.88,2026-03-08 08:29:56,UPI,Hyderabad,RTGS,Delhi,DEV1877
TXN00956,ACC015,ACC023,93482.45,2026-03-08 09:13:51,NEFT,Chennai,RTGS,Bangalore,DEV4847
TXN00511,ACC054,ACC059,178822.91,2026-03-08 09:22:46,RTGS,Chennai,NEFT,Delhi,DEV9624
TXN00206,ACC062,ACC068,75988.13,2026-03-08 09:25:20,NEFT,Pune,RTGS,Pune,DEV5480
TXN00518,ACC069,ACC030,76580.36,2026-03-08 11:04:10,branch,Delhi,RTGS,Mumbai,DEV5731
TXN00883,ACC029,ACC035,99539.16,2026-03-08 11:38:30,mobile,Mumbai,IMPS,Hyderabad,DEV8811
TXN00907,ACC006,ACC046,192596.51,2026-03-08 12:30:24,RTGS,Mumbai,IMPS,Bangalore,DEV3480
TXN00671,ACC051,ACC044,108657.9,2026-03-08 14:47:58,branch,Hyderabad,NEFT,Bangalore,DEV2395
TXN00743,ACC025,ACC056,191462.28,2026-03-08 19:16:23,branch,Mumbai,RTGS,Chennai,DEV5043
TXN00323,ACC066,ACC021,14057.78,2026-03-08 20:18:02,UPI,Hyderabad,NEFT,Delhi,DEV4158
TXN00460,ACC047,ACC014,4796.59,2026-03-08 20:34:44,branch,Chennai,NEFT,Delhi,DEV4258
TXN00461,ACC065,ACC059,112576.82,2026-03-09 03:03:27,UPI,Hyderabad,UPI,Pune,DEV9027
TXN00965,ACC069,ACC065,49678.19,2026-03-09 07:58:23,UPI,Hyderabad,NEFT,Chennai,DEV4802
TXN00756,ACC015,ACC062,132865.78,2026-03-09 10:44:16,branch,Chennai,UPI,Delhi,DEV5220
TXN00900,ACC038,ACC073,96812.11,2026-03-09 13:30:07,UPI,Hyderabad,IMPS,Hyderabad,DEV9115
TXN00441,ACC063,ACC025,20651.96,2026-03-09 15:35:04,UPI,Chennai,NEFT,Chennai,DEV1994
TXN00728,ACC026,ACC012,4191.65,2026-03-10 05:57:11,NEFT,Hyderabad,NEFT,Kolkata,DEV6359
TXN00740,ACC077,ACC069,31406.94,2026-03-10 12:05:50,NEFT,Chennai,UPI,Chennai,DEV5640
TXN00205,ACC027,ACC053,100862.08,2026-03-10 13:51:14,UPI,Hyderabad,IMPS,Hyderabad,DEV6325
TXN00433,ACC040,ACC042,32563.68,2026-03-10 15:47:58,RTGS,Hyderabad,NEFT,Pune,DEV8884
TXN00150,ACC030,ACC053,68447.39,2026-03-10 19:00:16,NEFT,Pune,UPI,Pune,DEV3500
TXN00254,ACC011,ACC015,166432.23,2026-03-10 20:15:31,branch,Pune,RTGS,Kolkata,DEV4389
TXN00782,ACC011,ACC037,111277.8,2026-03-10 21:45:55,NEFT,Hyderabad,NEFT,Chennai,DEV1227
TXN00615,ACC041,ACC058,96194.73,2026-03-11 07:57:33,UPI,Hyderabad,UPI,Kolkata,DEV5616
TXN00400,ACC033,ACC040,115952.58,2026-03-11 09:22:53,mobile,Delhi,RTGS,Kolkata,DEV3650
TXN00303,ACC075,ACC030,194821.99,2026-03-11 12:21:31,UPI,Hyderabad,RTGS,Pune,DEV3846
TXN00720,ACC036,ACC026,2481.22,2026-03-11 12:53:45,NEFT,Pune,UPI,Chennai,DEV3869
TXN00986,ACC041,ACC013,171720.17,2026-03-11 13:16:32,branch,Delhi,UPI,Hyderabad,DEV1232
TXN00284,ACC079,ACC078,11950.7,2026-03-11 20:44:34,mobile,Delhi,NEFT,Delhi,DEV9133
TXN00489,ACC069,ACC043,93031.54,2026-03-12 01:13:54,RTGS,Pune,UPI,Hyderabad,DEV9779
TXN00963,ACC078,ACC020,20015.78,2026-03-12 03:19:33,branch,Chennai,IMPS,Mumbai,DEV5329
TXN00888,ACC067,ACC077,97386.61,2026-03-12 05:22:50,NEFT,Mumbai,UPI,Bangalore,DEV9927
TXN00783,ACC079,ACC025,182266.39,2026-03-12 08:59:50,NEFT,Hyderabad,UPI,Delhi,DEV9652
TXN00687,ACC073,ACC078,113462.91,2026-03-12 09:07:41,branch,Hyderabad,IMPS,Hyderabad,DEV5494
TXN00665,ACC057,ACC063,146611.68,2026-03-12 10:20:47,RTGS,Pune,NEFT,Hyderabad,DEV7694
TXN00766,ACC051,ACC013,27049.24,2026-03-12 14:44:30,mobile,Pune,NEFT,Bangalore,DEV3418
TXN00886,ACC063,ACC032,95041.08,2026-03-13 06:08:38,mobile,Mumbai,UPI,Kolkata,DEV6499
TXN00653,ACC057,ACC059,192566.77,2026-03-13 07:56:33,mobile,Hyderabad,NEFT,Kolkata,DEV1687
TXN00672,ACC025,ACC080,108825.03,2026-03-13 12:15:19,RTGS,Hyderabad,IMPS,Kolkata,DEV8796
TXN00021,ACC010,ACC011,9686.42,2026-03-13 22:23:05,UPI,Delhi,UPI,Kolkata,DEV9317
TXN00183,ACC078,ACC020,136133.35,2026-03-14 00:59:59,UPI,Hyderabad,UPI,Chennai,DEV6150
TXN00022,ACC010,ACC012,9291.66,2026-03-14 01:23:05,UPI,Delhi,IMPS,Pune,DEV3646
TXN00955,ACC063,ACC051,119970.58,2026-03-14 02:59:07,NEFT,Pune,IMPS,Bangalore,DEV7960
TXN00591,ACC063,ACC065,53071.39,2026-03-14 03:03:05,NEFT,Mumbai,RTGS,Chennai,DEV6153
TXN00198,ACC010,ACC050,101346.85,2026-03-14 04:04:29,RTGS,Hyderabad,NEFT,Delhi,DEV2584
TXN00023,ACC010,ACC013,9201.19,2026-03-14 04:23:05,UPI,Delhi,NEFT,Hyderabad,DEV6310
TXN00845,ACC046,ACC070,85743.99,2026-03-14 05:39:08,UPI,Chennai,RTGS,Pune,DEV3898
TXN00821,ACC004,ACC019,73683.6,2026-03-14 06:26:12,UPI,Hyderabad,UPI,Chennai,DEV7742
TXN00603,ACC047,ACC060,30400.99,2026-03-14 06:41:54,NEFT,Chennai,UPI,Kolkata,DEV2055
TXN00919,ACC071,ACC062,11375.94,2026-03-14 07:03:05,UPI,Chennai,RTGS,Hyderabad,DEV3257
TXN00439,ACC003,ACC080,171509.03,2026-03-14 07:10:26,RTGS,Pune,UPI,Chennai,DEV6276
TXN00024,ACC010,ACC014,9135.19,2026-03-14 07:23:05,UPI,Delhi,NEFT,Pune,DEV6038
TXN00588,ACC064,ACC036,153198.59,2026-03-14 07:43:43,branch,Chennai,UPI,Chennai,DEV7626
TXN00989,ACC012,ACC015,183684.21,2026-03-14 09:28:38,mobile,Delhi,UPI,Chennai,DEV2331
TXN00487,ACC033,ACC009,62246.74,2026-03-14 10:11:58,branch,Pune,RTGS,Bangalore,DEV1477
TXN00025,ACC010,ACC015,8811.29,2026-03-14 10:23:05,UPI,Delhi,IMPS,Hyderabad,DEV2290
TXN00590,ACC018,ACC004,20821.07,2026-03-14 11:27:24,NEFT,Delhi,UPI,Bangalore,DEV9157
TXN00589,ACC063,ACC066,56499.24,2026-03-14 12:27:10,mobile,Pune,RTGS,Chennai,DEV4781
TXN00026,ACC010,ACC016,8611.35,2026-03-14 13:23:05,UPI,Delhi,RTGS,Kolkata,DEV2133
TXN00396,ACC067,ACC054,74705.11,2026-03-14 14:01:08,RTGS,Hyderabad,NEFT,Chennai,DEV3193
TXN00268,ACC074,ACC035,125934.75,2026-03-14 14:30:51,RTGS,Pune,UPI,Chennai,DEV8996
TXN00893,ACC007,ACC033,28406.04,2026-03-14 14:31:01,mobile,Pune,IMPS,Bangalore,DEV4223
TXN00929,ACC037,ACC069,93237.0,2026-03-14 14:48:46,UPI,Chennai,RTGS,Bangalore,DEV4903
TXN00383,ACC004,ACC075,116201.26,2026-03-14 15:15:02,mobile,Hyderabad,UPI,Hyderabad,DEV9842
TXN00523,ACC015,ACC024,51413.81,2026-03-14 15:37:15,branch,Pune,IMPS,Kolkata,DEV2212
TXN00215,ACC060,ACC040,32783.65,2026-03-14 16:44:37,mobile,Pune,UPI,Hyderabad,DEV4618
TXN00406,ACC065,ACC038,68653.21,2026-03-14 17:02:15,branch,Chennai,RTGS,Hyderabad,DEV1448
TXN00465,ACC040,ACC068,182002.98,2026-03-14 17:13:50,RTGS,Delhi,UPI,Mumbai,DEV9732
TXN00658,ACC047,ACC004,89073.16,2026-03-14 17:28:05,RTGS,Mumbai,NEFT,Pune,DEV6157
TXN00294,ACC053,ACC016,107648.99,2026-03-14 17:53:56,branch,Chennai,UPI,Kolkata,DEV2964
TXN00516,ACC034,ACC031,97498.78,2026-03-14 17:58:16,NEFT,Delhi,IMPS,Hyderabad,DEV6653
TXN00526,ACC020,ACC001,186645.85,2026-03-14 19:25:21,NEFT,Chennai,NEFT,Hyderabad,DEV4700
TXN00930,ACC017,ACC002,56859.33,2026-03-14 20:14:05,branch,Hyderabad,RTGS,Mumbai,DEV5493
TXN00371,ACC038,ACC025,64742.24,2026-03-15 00:50:48,mobile,Mumbai,IMPS,Bangalore,DEV4492
TXN00993,ACC071,ACC035,19060.74,2026-03-15 01:03:27,UPI,Chennai,UPI,Mumbai,DEV2889
TXN00827,ACC037,ACC051,100543.0,2026-03-15 04:54:19,RTGS,Chennai,RTGS,Hyderabad,DEV1612
TXN00660,ACC058,ACC027,177628.37,2026-03-15 05:41:52,branch,Mumbai,NEFT,Hyderabad,DEV6480
TXN00411,ACC055,ACC062,187991.23,2026-03-15 06:52:17,mobile,Hyderabad,RTGS,Pune,DEV1137
TXN00224,ACC052,ACC057,47633.52,2026-03-15 07:14:36,RTGS,Pune,IMPS,Kolkata,DEV6224
TXN00203,ACC077,ACC061,53840.56,2026-03-15 07:28:21,UPI,Mumbai,RTGS,Delhi,DEV9589
TXN00470,ACC026,ACC027,14161.13,2026-03-15 07:35:44,NEFT,Pune,RTGS,Hyderabad,DEV9784
TXN00693,ACC005,ACC049,63342.61,2026-03-15 22:34:55,NEFT,Mumbai,UPI,Hyderabad,DEV8075
TXN00049,ACC041,ACC040,180000.0,2026-03-15 22:53:03,RTGS,Chennai,IMPS,Delhi,DEV5861
TXN00047,ACC031,ACC030,180000.0,2026-03-15 22:53:03,RTGS,Chennai,UPI,Kolkata,DEV8454
TXN00045,ACC021,ACC020,180000.0,2026-03-15 22:53:03,RTGS,Chennai,RTGS,Mumbai,DEV3697
TXN00957,ACC004,ACC038,54316.85,2026-03-15 23:00:19,RTGS,Pune,UPI,Bangalore,DEV6203
TXN00048,ACC030,ACC032,175000.0,2026-03-15 23:53:03,RTGS,Chennai,UPI,Chennai,DEV8973
TXN00050,ACC040,ACC042,175000.0,2026-03-15 23:53:03,RTGS,Chennai,IMPS,Mumbai,DEV9883
TXN00046,ACC020,ACC022,175000.0,2026-03-15 23:53:03,RTGS,Chennai,RTGS,Mumbai,DEV7396
TXN00598,ACC026,ACC064,127453.4,2026-03-16 09:04:32,RTGS,Delhi,UPI,Pune,DEV1778
TXN00815,ACC068,ACC043,120322.69,2026-03-16 13:03:07,UPI,Delhi,UPI,Delhi,DEV7399
TXN00667,ACC039,ACC038,97699.18,2026-03-16 18:31:20,RTGS,Chennai,NEFT,Pune,DEV5644
TXN00792,ACC042,ACC052,100869.86,2026-03-16 22:02:21,UPI,Pune,NEFT,Kolkata,DEV4874
TXN00754,ACC006,ACC042,135907.95,2026-03-17 00:56:45,NEFT,Chennai,NEFT,Bangalore,DEV7305
TXN00561,ACC069,ACC037,37273.82,2026-03-17 02:06:13,UPI,Mumbai,NEFT,Pune,DEV3072
TXN00600,ACC061,ACC055,42738.09,2026-03-17 04:53:13,branch,Hyderabad,UPI,Chennai,DEV9846
TXN00347,ACC062,ACC054,130120.45,2026-03-17 07:49:04,UPI,Mumbai,IMPS,Mumbai,DEV7816
TXN00488,ACC023,ACC025,66772.45,2026-03-17 08:37:17,UPI,Chennai,IMPS,Bangalore,DEV8546
TXN00921,ACC030,ACC053,149747.66,2026-03-17 19:08:12,UPI,Mumbai,NEFT,Mumbai,DEV3076
TXN00752,ACC049,ACC079,12391.07,2026-03-18 05:37:47,NEFT,Chennai,IMPS,Mumbai,DEV3013
TXN00651,ACC034,ACC046,135708.64,2026-03-18 06:54:02,NEFT,Mumbai,IMPS,Mumbai,DEV4671
TXN00218,ACC020,ACC022,66295.41,2026-03-18 11:16:23,UPI,Hyderabad,RTGS,Chennai,DEV1945
TXN00506,ACC008,ACC012,44304.74,2026-03-18 13:56:48,UPI,Delhi,RTGS,Hyderabad,DEV5775
TXN00622,ACC061,ACC046,199351.15,2026-03-18 13:58:41,branch,Hyderabad,RTGS,Pune,DEV7466
TXN00306,ACC051,ACC076,21105.4,2026-03-19 00:42:00,branch,Pune,IMPS,Delhi,DEV1029
TXN00811,ACC026,ACC018,96604.66,2026-03-19 03:03:18,branch,Chennai,IMPS,Delhi,DEV1915
TXN00114,ACC024,ACC007,51243.2,2026-03-19 18:33:08,NEFT,Mumbai,NEFT,Delhi,DEV3444
TXN00180,ACC043,ACC035,25770.53,2026-03-19 19:04:41,branch,Pune,NEFT,Mumbai,DEV6372
TXN00353,ACC005,ACC072,110270.66,2026-03-20 03:23:27,RTGS,Hyderabad,UPI,Hyderabad,DEV4389
TXN00809,ACC049,ACC050,5122.47,2026-03-20 04:54:49,mobile,Delhi,IMPS,Kolkata,DEV2369
TXN00119,ACC029,ACC020,181773.88,2026-03-20 05:04:27,mobile,Delhi,UPI,Hyderabad,DEV5728
TXN00221,ACC011,ACC070,27464.97,2026-03-21 00:09:34,mobile,Pune,RTGS,Bangalore,DEV9920
TXN00101,ACC042,ACC044,152484.71,2026-03-21 00:22:03,mobile,Hyderabad,NEFT,Pune,DEV4673
TXN00408,ACC064,ACC026,47737.41,2026-03-21 00:26:11,RTGS,Pune,IMPS,Kolkata,DEV2747
TXN00172,ACC047,ACC031,193948.13,2026-03-21 00:50:21,RTGS,Chennai,RTGS,Kolkata,DEV5616
TXN00991,ACC023,ACC036,28944.79,2026-03-21 01:12:59,UPI,Delhi,UPI,Pune,DEV8202
TXN00926,ACC059,ACC015,5236.64,2026-03-21 03:39:47,branch,Hyderabad,RTGS,Pune,DEV2384
TXN00271,ACC006,ACC013,125609.72,2026-03-21 04:32:29,mobile,Delhi,RTGS,Chennai,DEV1011
TXN00547,ACC063,ACC028,118724.59,2026-03-21 05:12:35,mobile,Chennai,IMPS,Delhi,DEV6362
TXN00851,ACC074,ACC051,168763.11,2026-03-21 06:01:22,branch,Delhi,NEFT,Mumbai,DEV1420
TXN00423,ACC057,ACC017,27124.15,2026-03-21 08:46:19,mobile,Pune,UPI,Kolkata,DEV8801
TXN00328,ACC080,ACC051,117312.94,2026-03-21 10:46:39,RTGS,Hyderabad,UPI,Pune,DEV2771
TXN00967,ACC076,ACC032,17693.87,2026-03-21 11:24:37,UPI,Mumbai,RTGS,Pune,DEV7747
TXN00313,ACC039,ACC031,20087.27,2026-03-21 11:53:13,mobile,Pune,NEFT,Chennai,DEV2435
TXN00099,ACC063,ACC004,78382.58,2026-03-21 13:24:15,UPI,Hyderabad,NEFT,Chennai,DEV1444
TXN00691,ACC004,ACC062,86957.84,2026-03-21 13:24:31,mobile,Chennai,IMPS,Pune,DEV1891
TXN00637,ACC039,ACC020,196853.06,2026-03-21 15:48:35,NEFT,Pune,NEFT,Hyderabad,DEV2253
TXN00979,ACC065,ACC016,48913.81,2026-03-21 17:19:55,UPI,Pune,IMPS,Kolkata,DEV8163
TXN00321,ACC043,ACC031,10808.9,2026-03-21 18:51:32,mobile,Delhi,IMPS,Pune,DEV8259
TXN00354,ACC059,ACC044,73305.15,2026-03-21 22:17:11,RTGS,Hyderabad,RTGS,Bangalore,DEV6952
TXN00649,ACC078,ACC060,27100.55,2026-03-21 22:47:04,UPI,Pune,NEFT,Bangalore,DEV8911
TXN00189,ACC021,ACC042,187012.83,2026-03-22 02:03:09,UPI,Hyderabad,UPI,Delhi,DEV5961
TXN00575,ACC021,ACC014,44357.37,2026-03-22 02:22:10,RTGS,Mumbai,RTGS,Chennai,DEV2251
TXN00063,ACC010,ACC035,33542.8,2026-03-22 02:26:55,branch,Mumbai,NEFT,Pune,DEV3143
TXN00283,ACC069,ACC042,78755.57,2026-03-22 03:17:52,UPI,Mumbai,RTGS,Mumbai,DEV8428
TXN00228,ACC033,ACC027,66722.34,2026-03-22 04:50:52,RTGS,Delhi,NEFT,Pune,DEV7179
TXN00147,ACC009,ACC061,90206.77,2026-03-22 05:13:58,mobile,Chennai,RTGS,Mumbai,DEV2323
TXN00064,ACC011,ACC035,33670.1,2026-03-22 05:26:55,branch,Delhi,RTGS,Hyderabad,DEV8007
TXN00409,ACC016,ACC011,135486.61,2026-03-22 06:53:31,RTGS,Pune,RTGS,Hyderabad,DEV5501
TXN00764,ACC063,ACC051,60521.25,2026-03-22 08:04:29,mobile,Hyderabad,RTGS,Pune,DEV7921
TXN00065,ACC012,ACC035,30240.81,2026-03-22 08:26:55,mobile,Mumbai,IMPS,Hyderabad,DEV1590
TXN00240,ACC010,ACC039,33327.6,2026-03-22 10:13:42,RTGS,Pune,RTGS,Kolkata,DEV3292
TXN00066,ACC013,ACC035,42556.78,2026-03-22 11:26:55,RTGS,Hyderabad,IMPS,Chennai,DEV3088
TXN00212,ACC059,ACC070,105339.39,2026-03-22 13:59:49,branch,Delhi,NEFT,Pune,DEV3662
TXN00067,ACC014,ACC035,6882.3,2026-03-22 14:26:55,branch,Mumbai,UPI,Delhi,DEV5088
TXN00186,ACC045,ACC009,110449.43,2026-03-22 14:42:05,UPI,Pune,IMPS,Mumbai,DEV4292
TXN00377,ACC001,ACC074,119734.32,2026-03-22 14:55:37,UPI,Delhi,IMPS,Hyderabad,DEV5140
TXN00706,ACC038,ACC020,66208.44,2026-03-22 15:01:44,RTGS,Chennai,IMPS,Bangalore,DEV2333
TXN00327,ACC077,ACC002,45530.24,2026-03-22 15:13:25,branch,Delhi,RTGS,Pune,DEV9530
TXN00699,ACC026,ACC009,68968.83,2026-03-22 16:12:29,branch,Hyderabad,UPI,Chennai,DEV6384
TXN00606,ACC036,ACC071,36021.06,2026-03-22 17:24:07,NEFT,Mumbai,NEFT,Kolkata,DEV2375
TXN00068,ACC022,ACC035,35012.0,2026-03-22 17:26:55,branch,Hyderabad,RTGS,Hyderabad,DEV3532
TXN00456,ACC042,ACC045,119181.55,2026-03-22 17:58:07,mobile,Delhi,IMPS,Kolkata,DEV5713
TXN00185,ACC063,ACC026,25404.85,2026-03-22 18:06:48,UPI,Chennai,NEFT,Kolkata,DEV6236
TXN00136,ACC064,ACC075,29480.43,2026-03-22 19:17:59,UPI,Chennai,UPI,Hyderabad,DEV5847
TXN00069,ACC023,ACC035,46659.37,2026-03-22 20:26:55,UPI,Delhi,IMPS,Chennai,DEV1406
TXN00413,ACC047,ACC024,100255.23,2026-03-22 21:36:29,NEFT,Delhi,IMPS,Hyderabad,DEV4744
TXN00593,ACC040,ACC050,98003.53,2026-03-22 21:40:02,mobile,Chennai,UPI,Chennai,DEV7189
TXN00128,ACC050,ACC025,184451.76,2026-03-22 21:48:33,RTGS,Pune,NEFT,Pune,DEV5891
TXN00070,ACC024,ACC035,13071.23,2026-03-22 23:26:55,branch,Chennai,IMPS,Pune,DEV3608
TXN00071,ACC028,ACC035,40431.85,2026-03-23 02:26:55,mobile,Chennai,NEFT,Kolkata,DEV8711
TXN00585,ACC029,ACC071,82049.16,2026-03-23 03:18:42,NEFT,Pune,IMPS,Mumbai,DEV9055
TXN00287,ACC032,ACC006,94881.15,2026-03-23 04:58:10,NEFT,Delhi,UPI,Delhi,DEV7819
TXN00072,ACC029,ACC035,15009.52,2026-03-23 05:26:55,NEFT,Pune,UPI,Kolkata,DEV4728
TXN00785,ACC048,ACC015,68253.76,2026-03-23 05:43:02,branch,Chennai,UPI,Pune,DEV4490
TXN00073,ACC030,ACC035,15031.56,2026-03-23 08:26:55,UPI,Chennai,UPI,Pune,DEV2137
TXN00074,ACC031,ACC035,48510.01,2026-03-23 11:26:55,branch,Pune,RTGS,Bangalore,DEV9785
TXN00017,ACC041,ACC042,45254.89,2026-03-23 13:23:57,NEFT,Mumbai,RTGS,Hyderabad,DEV2040
TXN00018,ACC042,ACC043,44769.53,2026-03-23 15:23:57,NEFT,Mumbai,RTGS,Hyderabad,DEV5119
TXN00019,ACC043,ACC044,45942.16,2026-03-23 17:23:57,NEFT,Mumbai,NEFT,Bangalore,DEV2876
TXN00020,ACC044,ACC041,45363.42,2026-03-23 19:23:57,NEFT,Mumbai,UPI,Kolkata,DEV6573
TXN00990,ACC032,ACC040,167624.36,2026-03-23 21:30:55,UPI,Pune,NEFT,Chennai,DEV5703
TXN00508,ACC012,ACC075,2615.73,2026-03-24 00:03:50,NEFT,Hyderabad,RTGS,Bangalore,DEV6212
TXN00844,ACC027,ACC025,194377.16,2026-03-24 04:54:25,NEFT,Chennai,RTGS,Chennai,DEV6762
TXN00451,ACC043,ACC045,176078.71,2026-03-24 05:04:37,UPI,Hyderabad,NEFT,Bangalore,DEV7266
TXN00544,ACC013,ACC031,147811.83,2026-03-24 09:51:58,UPI,Mumbai,RTGS,Hyderabad,DEV8936
TXN00113,ACC071,ACC038,139786.06,2026-03-24 16:28:06,branch,Chennai,RTGS,Chennai,DEV6582
TXN00276,ACC048,ACC039,28288.73,2026-03-24 20:36:38,UPI,Mumbai,NEFT,Hyderabad,DEV3688
TXN00878,ACC074,ACC014,30310.66,2026-03-25 00:34:09,mobile,Delhi,NEFT,Chennai,DEV4064
TXN00211,ACC023,ACC054,176566.75,2026-03-25 01:50:37,branch,Hyderabad,NEFT,Pune,DEV5662
TXN00471,ACC068,ACC005,104609.17,2026-03-25 04:13:46,UPI,Hyderabad,RTGS,Bangalore,DEV1643
TXN00466,ACC016,ACC024,64201.92,2026-03-25 08:35:22,mobile,Pune,RTGS,Chennai,DEV5970
TXN00885,ACC061,ACC055,67476.78,2026-03-25 12:21:46,mobile,Hyderabad,UPI,Chennai,DEV1016
TXN00807,ACC024,ACC023,38583.12,2026-03-25 21:40:23,NEFT,Hyderabad,IMPS,Mumbai,DEV3351
TXN00611,ACC033,ACC039,18959.82,2026-03-26 09:18:33,NEFT,Pune,RTGS,Kolkata,DEV1555
TXN00348,ACC076,ACC062,160650.69,2026-03-26 12:50:31,NEFT,Mumbai,RTGS,Chennai,DEV1753
TXN00789,ACC029,ACC061,79676.41,2026-03-26 13:50:43,branch,Mumbai,RTGS,Bangalore,DEV8198
TXN00625,ACC036,ACC047,185321.17,2026-03-26 14:57:36,NEFT,Delhi,RTGS,Mumbai,DEV4095
TXN00770,ACC029,ACC003,117783.25,2026-03-27 02:26:56,RTGS,Delhi,NEFT,Hyderabad,DEV8327
TXN00788,ACC013,ACC056,98917.18,2026-03-27 04:33:50,mobile,Chennai,NEFT,Delhi,DEV5098
TXN00683,ACC044,ACC027,92500.07,2026-03-27 11:24:11,UPI,Chennai,RTGS,Kolkata,DEV7435
TXN00473,ACC055,ACC038,123013.72,2026-03-27 16:36:03,NEFT,Mumbai,NEFT,Delhi,DEV9952
TXN00546,ACC073,ACC008,56840.23,2026-03-27 21:02:02,RTGS,Delhi,NEFT,Chennai,DEV9548
TXN00605,ACC072,ACC056,84981.81,2026-03-27 21:12:53,UPI,Pune,IMPS,Mumbai,DEV5233
TXN00620,ACC034,ACC031,123918.37,2026-03-28 01:06:43,RTGS,Chennai,NEFT,Mumbai,DEV8682
TXN00659,ACC052,ACC022,87380.38,2026-03-28 05:32:44,branch,Hyderabad,IMPS,Bangalore,DEV7618
TXN00272,ACC055,ACC026,199143.12,2026-03-28 05:57:23,branch,Delhi,UPI,Mumbai,DEV6905
TXN00515,ACC036,ACC033,3826.4,2026-03-28 07:38:39,UPI,Chennai,UPI,Kolkata,DEV3873
TXN00870,ACC059,ACC064,169885.79,2026-03-28 08:26:14,branch,Hyderabad,NEFT,Mumbai,DEV4670
TXN00943,ACC010,ACC046,190033.89,2026-03-28 08:54:32,NEFT,Chennai,UPI,Kolkata,DEV8816
TXN00654,ACC065,ACC014,34242.21,2026-03-28 09:38:05,branch,Chennai,RTGS,Bangalore,DEV2626
TXN00373,ACC023,ACC033,112058.76,2026-03-28 09:38:12,NEFT,Chennai,RTGS,Chennai,DEV6183
TXN00982,ACC068,ACC025,2117.29,2026-03-28 09:45:46,branch,Hyderabad,NEFT,Hyderabad,DEV5473
TXN00370,ACC006,ACC042,76893.15,2026-03-28 10:27:02,branch,Hyderabad,RTGS,Chennai,DEV1718
TXN00679,ACC039,ACC073,81942.44,2026-03-28 10:48:58,mobile,Mumbai,RTGS,Kolkata,DEV5739
TXN00868,ACC076,ACC050,48047.96,2026-03-28 11:09:59,UPI,Chennai,NEFT,Hyderabad,DEV9642
TXN00936,ACC042,ACC074,74900.51,2026-03-28 11:42:05,mobile,Hyderabad,IMPS,Kolkata,DEV6129
TXN00476,ACC066,ACC079,190001.02,2026-03-28 12:35:13,UPI,Delhi,IMPS,Delhi,DEV1840
TXN00958,ACC053,ACC051,161997.08,2026-03-28 12:51:26,NEFT,Delhi,UPI,Bangalore,DEV1747
TXN00169,ACC017,ACC077,142057.97,2026-03-28 13:02:31,NEFT,Hyderabad,UPI,Mumbai,DEV6940
TXN00897,ACC054,ACC053,92795.51,2026-03-28 13:17:56,NEFT,Mumbai,IMPS,Hyderabad,DEV5954
TXN00819,ACC019,ACC071,194392.1,2026-03-28 14:13:15,UPI,Delhi,NEFT,Bangalore,DEV3257
TXN00492,ACC028,ACC068,61161.34,2026-03-28 15:09:10,RTGS,Mumbai,RTGS,Hyderabad,DEV3524
TXN00139,ACC017,ACC070,175415.66,2026-03-28 15:27:47,UPI,Pune,RTGS,Kolkata,DEV5835
TXN00184,ACC036,ACC032,192143.49,2026-03-28 15:35:32,branch,Pune,RTGS,Delhi,DEV5678
TXN00548,ACC056,ACC075,45258.92,2026-03-28 16:05:13,mobile,Chennai,NEFT,Mumbai,DEV8711
TXN00227,ACC061,ACC031,170018.85,2026-03-28 18:23:08,NEFT,Chennai,IMPS,Chennai,DEV4978
TXN00410,ACC063,ACC024,196894.54,2026-03-28 21:20:05,NEFT,Delhi,IMPS,Mumbai,DEV9613
TXN00690,ACC051,ACC025,67606.46,2026-03-28 23:38:16,UPI,Pune,UPI,Mumbai,DEV2584
TXN00449,ACC012,ACC074,80559.85,2026-03-29 01:42:13,mobile,Pune,RTGS,Delhi,DEV8999
TXN00387,ACC067,ACC047,78230.53,2026-03-29 01:45:02,mobile,Mumbai,UPI,Mumbai,DEV9542
TXN00167,ACC011,ACC065,129579.29,2026-03-29 01:49:54,NEFT,Pune,NEFT,Kolkata,DEV6482
TXN00823,ACC078,ACC023,101155.79,2026-03-29 04:39:33,branch,Delhi,RTGS,Delhi,DEV5453
TXN00238,ACC043,ACC073,195488.52,2026-03-29 04:39:50,UPI,Hyderabad,RTGS,Pune,DEV1762
TXN00814,ACC029,ACC050,137666.49,2026-03-29 06:20:42,mobile,Hyderabad,IMPS,Delhi,DEV8022
TXN00277,ACC057,ACC045,144763.97,2026-03-29 06:23:34,NEFT,Delhi,NEFT,Mumbai,DEV3293
TXN00563,ACC058,ACC070,195117.67,2026-03-29 07:39:02,NEFT,Delhi,RTGS,Pune,DEV3556
TXN00818,ACC064,ACC069,107706.3,2026-03-29 08:44:46,branch,Pune,IMPS,Pune,DEV8543
TXN00680,ACC022,ACC001,12974.83,2026-03-29 10:51:31,RTGS,Pune,RTGS,Pune,DEV4485
TXN00714,ACC054,ACC055,137466.8,2026-03-29 11:38:09,branch,Hyderabad,RTGS,Chennai,DEV4345
TXN00996,ACC014,ACC054,85752.95,2026-03-29 12:07:25,RTGS,Hyderabad,IMPS,Hyderabad,DEV3286
TXN00281,ACC002,ACC034,43932.84,2026-03-29 12:38:59,NEFT,Hyderabad,UPI,Bangalore,DEV9209
TXN00757,ACC061,ACC016,133429.8,2026-03-29 13:00:55,NEFT,Mumbai,UPI,Kolkata,DEV4666
TXN00786,ACC001,ACC073,79330.67,2026-03-29 13:45:41,RTGS,Mumbai,RTGS,Hyderabad,DEV8999
TXN00616,ACC026,ACC011,83484.79,2026-03-29 13:53:30,RTGS,Delhi,NEFT,Chennai,DEV4248
TXN00908,ACC046,ACC073,68518.92,2026-03-29 14:44:29,NEFT,Chennai,RTGS,Hyderabad,DEV3955
TXN00118,ACC030,ACC037,141684.21,2026-03-29 15:45:10,RTGS,Delhi,RTGS,Mumbai,DEV9922
TXN00948,ACC034,ACC078,150940.29,2026-03-29 17:09:44,branch,Delhi,NEFT,Delhi,DEV9334
TXN00542,ACC021,ACC006,11751.5,2026-03-29 17:58:02,UPI,Mumbai,RTGS,Hyderabad,DEV2901
TXN00537,ACC071,ACC022,88293.58,2026-03-29 19:51:52,UPI,Mumbai,RTGS,Kolkata,DEV3584
TXN00902,ACC032,ACC027,21617.8,2026-03-29 20:43:26,NEFT,Chennai,IMPS,Kolkata,DEV4849
TXN00364,ACC031,ACC066,157077.13,2026-03-29 21:45:00,NEFT,Pune,NEFT,Mumbai,DEV5117
